CCC(C)C(C(=O)OC(/C=C/C=C/C=C/C(=O)O)C1(CO1)C)OC(=O)C(C(C)(C)O)O	BGC0000003_MIBiGv3.1_AF-toxin
[H][C@@]12OC=C[C@]1([H])C1=C(O2)C=C(OC)C2=C1OC(=O)C1=C2CCOC1=O	BGC0000004_MIBiGv3.1_aflatoxin G1
COC1=C2C3=C(C(=O)OCC3)C(=O)OC2=C4C5C=COC5OC4=C1	BGC0000006_MIBiGv3.1_aflatoxin
COC1=C2C3=C(C(=O)OCC3)C(=O)OC2=C4C5C=COC5OC4=C1	BGC0000007_MIBiGv3.1_aflatoxin
COC1=C2C3=C(C(=O)OCC3)C(=O)OC2=C4C5C=COC5OC4=C1	BGC0000008_MIBiGv3.1_aflatoxin
COC1=C2C3=C(C(=O)OCC3)C(=O)OC2=C4C5C=COC5OC4=C1	BGC0000009_MIBiGv3.1_aflatoxin
COC1=C2C3=C(C(=O)OCC3)C(=O)OC2=C4C5C=COC5OC4=C1	BGC0000010_MIBiGv3.1_aflatoxin
[H][C@]12OC=C[C@@]1([H])C1=C(O2)C=C(OC)C2=C1OC1=C(C(O)=CC=C1)C2=O	BGC0000011_MIBiGv3.1_sterigmatocystin
CCC(C)/C=C(\C)/CCCC(C)/C=C(\C)/C=C(\C)/CC(C)C1=C(C(=C(C(=O)O1)C)O)C	BGC0000012_MIBiGv3.1_alternapyrone
CC1=CC(=CC2=C1C3=CC(=CC(=C3C(=O)O2)O)O)O	BGC0000013_MIBiGv3.1_alternariol
CCC(C)C=C(C)C=CC(=O)C1=C2CC(O)C(C)(O)C(=O)C2=CO1	BGC0000022_MIBiGv3.1_asperfuranone
CCCCCCCC(=O)C1C2CC3=C(COC(\C=C\C)=C3)C(=O)C2(C)OC1=O	BGC0000027_MIBiGv3.1_ankaflavin
[H]\C(C)=C(\[H])C1=CC2=C(CO1)C(=O)[C@]1(C)OC(=O)[C@H](C(=O)CCCCC)[C@@]1([H])C2	BGC0000027_MIBiGv3.1_monascin
CCCCCCCC(=O)C1=C2C=C3C=C(OC=C3C(=O)[C@]2(C)OC1=O)\C=C\C	BGC0000027_MIBiGv3.1_monascorubrin
CCCCCC(=O)C1=C2C=C3C=C(OC=C3C(=O)[C@]2(C)OC1=O)\C=C\C	BGC0000027_MIBiGv3.1_rubropunctatine
CC1=CC(=CC2=C1C(=O)C3=C(O2)C(=C4C(=C3O)C(=O)C=C(C4=O)OC)O)OC	BGC0000030_MIBiGv3.1_bikaverin
CC1=C(C=C2C(=C1OC)CNC2=O)O	BGC0000037_MIBiGv3.1_cichorine
CC[C@H](C)C(=O)O[C@H]1CCC=C2C=C[C@H](C)[C@H](CC[C@@H](O)C[C@@H](O)CC(O)=O)[C@@H]12	BGC0000039_MIBiGv3.1_compactin
CC1CCC\C=C\C(=O)C2=C(O)C=C(O)C=C2CC(=O)O1	BGC0000045_MIBiGv3.1_dehydrocurvularin
C[C@@H](O)[C@@H]1O[C@H]1\C=C\[C@@H]1O[C@H]1[C@H](O)C=C	BGC0000046_MIBiGv3.1_depudecin
C1[C@@H](O[C@H]2[C@@]1(C3=C(O2)C=C4C(=C3O)C(=O)C5=C(C=CC(=C5C4=O)O)O)O)O	BGC0000048_MIBiGv3.1_dothistromin
CC1=CC2=C(C(=C1)O)OC3=C(O2)C4(C5C(=CC(=O)C5(C(=O)C4=C(C3=O)O)O)C)C	BGC0000057_MIBiGv3.1_F9775A
CC1=CC2=C(C(=C1)O)OC3=C(O2)C(=O)C(=C4C3(C5C(=CC(=O)C5(C4=O)O)C)C)O	BGC0000057_MIBiGv3.1_F9775B
CC1=CC(=CC(=C1C(=O)O)O)O	BGC0000057_MIBiGv3.1_orsellinic acid
CCCC[C@@H](C)[C@@H](OC(=O)C[C@H](CC(O)=O)C(O)=O)[C@H](C[C@@H](C)C[C@H](O)CCCC[C@@H](O)C[C@H](O)[C@H](C)N)OC(=O)C[C@H](CC(O)=O)C(O)=O	BGC0000062_MIBiGv3.1_fumonisin B1
CCCCC(C)C(C(CC(C)CC(CCCCC(CC(C(C)N)O)O)O)OC(=O)CC(CC(=O)O)C(=O)O)OC(=O)CC(CC(=O)O)C(=O)O	BGC0000063_MIBiGv3.1_fumonisin
C/C=C(/C)\C=C(/C)\C=C(/C)\C=C\C=C(/C)\C(=O)[C@@]12[C@@H](O1)[C@](NC2=O)(CCO)O	BGC0000064_MIBiGv3.1_fusarin
C[C@@H]1CC(=O)C=C([C@]12C(=O)C3=C(O2)C(=C(C=C3O)OC)Cl)OC	BGC0000070_MIBiGv3.1_4-desmethylgriseofulvin
CC1=CC(=O)C=C([C@]12C(=O)C3=C(O2)C(=C(C=C3OC)OC)Cl)OC	BGC0000070_MIBiGv3.1_dehydrogriseofulvin
COC1=CC(OC)=C2C(OC3(C(C)CC(=O)C=C3OC)C2=O)=C1	BGC0000070_MIBiGv3.1_epidechlorogriseofulvin
COC1=CC(OC)=C(Cl)C2=C1C(=O)C1(O2)[C@H](C)CC(=O)C=C1OC	BGC0000070_MIBiGv3.1_griseofulvin
CC1=CC(=CC2=C1C(=O)C3=C(O2)C(=C(C=C3O)OC)C)O	BGC0000070_MIBiGv3.1_griseoxanthone B
CC1=CC(=CC2=C1C(=O)C3=C(C=C(C=C3O2)O)O)O	BGC0000070_MIBiGv3.1_norlichexanthone
CC1C/C=C\C(=O)C2C(O2)CC([C@H](C3=CC(=CC(=C3C(=O)O1)O)OC)O)O	BGC0000076_MIBiGv3.1_hypothemycin
CC1C/C=C\C(=O)C2C(O2)CC([C@H](C3=CC(=CC(=C3C(=O)O1)O)OC)O)O	BGC0000077_MIBiGv3.1_hypothemycin
[H][C@]12[C@H](C[C@@H](C)C=C1C=C[C@H](C)[C@@H]2CC[C@@H]1C[C@@H](O)CC(=O)O1)OC(=O)[C@H](C)CC	BGC0000088_MIBiGv3.1_monacolin K
[H][C@]12[C@H](C[C@@H](C)C=C1C=C[C@H](C)[C@@H]2CC[C@@H]1C[C@@H](O)CC(=O)O1)OC(=O)[C@H](C)CC	BGC0000098_MIBiGv3.1_monacolin K
CCCCCCCC(=O)C1=C2C=C3C=C(OC=C3C(=O)[C@@]2(OC1=O)C)/C=C/C	BGC0000099_MIBiGv3.1_monascorubrin
COC1=C(C\C=C(/C)CCC(O)=O)C(O)=C2C(=O)OCC2=C1C	BGC0000104_MIBiGv3.1_mycophenolic acid
C1C=C2C(=CC(=O)O2)C(O1)O	BGC0000120_MIBiGv3.1_patulin
COC(=O)C1=CC(OC)=C(Cl)C(O)=C1OC1=C(C(O)=O)C(O)=CC(C)=C1	BGC0000121_MIBiGv3.1_RES-1214-2
[H][C@@]12C[C@H](OC(C)=O)[C@@]3(C)OC4=C([C@H](O)[C@]3([H])[C@@]1(C)CC[C@H](OC(C)=O)[C@@]2(C)COC(C)=O)C(=O)OC(=C4)C1=CN=CC=C1	BGC0000129_MIBiGv3.1_pyripyropene A
CC1CC2OC2C=CC=CC(=O)CC2=C(C(O)=CC(O)=C2Cl)C(=O)O1	BGC0000134_MIBiGv3.1_radicicol
[H][C@@]12CCCC[C@@]1([H])[C@@H]([C@H](C)C=C2)C1=CC(OC)=C(C=O)C(=O)O1	BGC0000146_MIBiGv3.1_solanapyrone D
COC1=C2C(=C3[C@@H]4C=CO[C@@H]4OC3=C1)OC5=C(C2=O)C(=CC=C5)O	BGC0000152_MIBiGv3.1_sterigmatocystin
C1=C(C=C(C(=CC1=O)O)O)C(=O)O	BGC0000154_MIBiGv3.1_stipitatic acid
O=C1C2=C(O)C3=C(O)C=C(OC)C=C3C=C2CC(CC(CC(C)=O)=O)(O)C1O	BGC0000156_MIBiGv3.1_1-(2,3,5,10-tetrahydroxy-7-methoxy-4-oxo-1,2,3,4-tetrahydroanthracen-2-yl)pentane-2,4-dione
O=C1C2=C(O)C3=C(O)C=C(O)C=C3C=C2CC4(O)C1(O)C(C(C(C)=O)=C(O)C4)=O	BGC0000156_MIBiGv3.1_desmethyl TAN-1612
CC(=O)C1=C(C2(C(=O)C3=C(CC2(CC1=O)O)C=C4C=C(C=C(C4=C3O)O)OC)O)O	BGC0000156_MIBiGv3.1_TAN-1612
[H][C@]12O[C@@]1([H])C(=O)C(O)=C(C)C2=O	BGC0000160_MIBiGv3.1_terreic acid
C\C=C\C1=CC(=O)[C@@H](O)[C@H]1O	BGC0000161_MIBiGv3.1_isoterrein
OC1=C(C(O)=C(C([C@@](C(C(C(N)=O)=C(O)C2)=O)(O)[C@@]2(O)[C@H]3O)=O)C3=C4)C4=CC(OC)=C1	BGC0000168_MIBiGv3.1_5-hydroxyanthrotainin
OC1=C(C(O)=C(C([C@@](C(C(C(N)=O)=C(O)C2)=O)(O)[C@@]2(O)C3)=O)C3=C4)C4=CC(O)=C1	BGC0000168_MIBiGv3.1_8-O-desmethylanthrotainin
OC1=C(C(O)=C(C([C@@](C(C(C(N)=O)=C(O)C2)=O)(O)[C@@]2(O)[C@H]3O)=O)C3=C4C/C=C(C)/CC/C=C(C)/C)C4=CC(OC)=C1	BGC0000168_MIBiGv3.1_previridicatumtoxin
COC1=C2C3=C(C(O)=C1)C(O)=C1C(=O)[C@]4(O)C(=O)C(C(N)=O)=C(O)C[C@]4(O)[C@@H](O)C1=C3C[C@]21C(C)=CCCC1(C)C	BGC0000168_MIBiGv3.1_viridicatumtoxin
CC(C)=CCC\C(C)=C\CC\C(C)=C\CC12O[C@@H]1C(=O)C(COC(=O)CC(C)(O)CC(O)=O)=CC2=O	BGC0000170_MIBiGv3.1_yanuthone D
CC(=O)OC1C=COC=C2C1N3C(=O)C45CC6=COC=CC(C6N4C(=O)C3(C2)SS5)OC(=O)C	BGC0000292_MIBiGv3.1_acetylaranotin
CC(=O)N1[C@H]2[C@](C[C@H]3N2C(=O)C4=CC=CC=C4NC3=O)(C5=CC=CC=C51)C(C)(C)C=C	BGC0000293_MIBiGv3.1_acetylaszonalenin
[H][C@]12CCCCN1C(=O)[C@@H](NC(=O)[C@H](CC1=CN(OC)C3=C1C=CC=C3)NC(=O)[C@H](CCCCCC(=O)CC)NC2=O)C(C)CC	BGC0000304_MIBiGv3.1_apicidin
[H][C@@](C)(CC)[C@]1([H])NC(=O)[C@]2([H])CCCN2C(=O)[C@]([H])(CC2=CC=CC=C2)N(C)C(=O)[C@]([H])(CC2=CC=CC=C2)NC(=O)[C@]([H])(C(C)C)N(C)C(=O)[C@]([H])(OC(=O)[C@@]([H])(N(C)C(=O)[C@]([H])(CC(C)C)NC(=O)[C@]([H])(C(C)C)N(C)C1=O)C(C)(C)O)[C@@]([H])(C)CC	BGC0000307_MIBiGv3.1_AbT1
CC(C)CC1C(=O)OC(C(=O)N(C(C(=O)OC(C(=O)N(C(C(=O)OC(C(=O)N(C(C(=O)OC(C(=O)N1C)C(C)C)CC(C)C)C)C(C)C)CC(C)C)C)C(C)C)CC(C)C)C)C(C)C	BGC0000312_MIBiGv3.1_bassianolide
CC(C)C1OC(=O)C(CC2=CC=CC=C2)N(C)C(=O)C(OC(=O)C(CC2=CC=CC=C2)N(C)C(=O)C(OC(=O)C(CC2=CC=CC=C2)N(C)C1=O)C(C)C)C(C)C	BGC0000313_MIBiGv3.1_beauvericin
CN1C(=O)C23CC4(C(N2C(=O)C1(SS3)CO)NC5=CC=CC=C54)C67CC89C(=O)N(C(C(=O)N8C6NC1=CC=CC=C71)(SS9)CO)C	BGC0000321_MIBiGv3.1_chaetocin
CC[C@H]1C(=O)N(CC(=O)N([C@H](C(=O)N[C@H](C(=O)N([C@H](C(=O)N[C@H](C(=O)N[C@@H](C(=O)N([C@H](C(=O)N([C@H](C(=O)N([C@H](C(=O)N([C@H](C(=O)N1)[C@@H]([C@H](C)C/C=C/C)O)C)C(C)C)C)CC(C)C)C)CC(C)C)C)C)C)CC(C)C)C)C(C)C)CC(C)C)C)C	BGC0000334_MIBiGv3.1_cyclosporin
[H][C@@]12CCCN1C(=O)[C@@H](CC=C)OC(=O)CCNC(=O)[C@H](C)N(C)C(=O)[C@H](C(C)C)N(C)C(=O)[C@@H](NC2=O)[C@@H](C)CC	BGC0000337_MIBiGv3.1_destruxin A
CCCC[C@H]1C(=O)O[C@@H](C(=O)N([C@H](C(=O)O[C@@H](C(=O)N([C@H](C(=O)O[C@@H](C(=O)N1C)C(C)C)C(C)CC)C)C(C)C)C(C)C)C)C(C)C	BGC0000342_MIBiGv3.1_enniatin
CC(C)[C@H]1C(=O)N2CCC[C@H]2[C@]3(N1C(=O)[C@](O3)(C)NC(=O)[C@H]4CN([C@@H]5CC6=CNC7=CC=CC(=C67)C5=C4)C)O	BGC0000348_MIBiGv3.1_ergovaline
[H][C@]12N[C@@H](C)C(=O)N1C1=CC=CC=C1[C@@]2(O)C[C@@]1([H])N2C(=O)C3=C(C=CC=C3)N=C2[C@H](C)NC1=O	BGC0000355_MIBiGv3.1_fumiquinazoline A
[H][C@]12N[C@@H](C)C(=O)N1C1=CC=CC=C1[C@@]21C[C@@]2([H])N3C(=O)C4=C(C=CC=C4)N=C3[C@](C)(NC2=O)O1	BGC0000355_MIBiGv3.1_fumiquinazoline C
C[C@H]1C(=O)N2[C@@H]3N1[C@]4(C5=NC6=CC=CC=C6C(=O)N5[C@H](C[C@@]3(C7=CC=CC=C72)O)C(=O)N4)C	BGC0000355_MIBiGv3.1_fumiquinazoline D
C1C[C@H]2C(=O)N[C@H](C(=O)N2C1)CC3=CNC4=CC=CC=C43	BGC0000356_MIBiGv3.1_brevianamide F
[H][C@@]12CCCN1C(=O)[C@]1([H])CC3=C(NC4=CC=CC=C34)[C@H](C=C(C)C)N1C2=O	BGC0000356_MIBiGv3.1_demethoxyfumitremorgin C
CC(=CCN1C2=C(C=CC(=C2)OC)C3=C1[C@@H](N4C(=O)[C@@H]5CCCN5C(=O)[C@@]4([C@H]3O)O)C=C(C)C)C	BGC0000356_MIBiGv3.1_fumitremorgin B
CC(=C[C@H]1C2=C(C[C@@H]3N1C(=O)[C@@H]4CCCN4C3=O)C5=C(N2)C=C(C=C5)OC)C	BGC0000356_MIBiGv3.1_fumitremorgin c
[H][C@@]12CCCN1C(=O)[C@]([H])(CC1=C(CC=C(C)C)NC3=C1C=CC(OC)=C3)NC2=O	BGC0000356_MIBiGv3.1_tryprostatin A
[H][C@@]12CCCN1C(=O)[C@]([H])(CC1=C(CC=C(C)C)NC3=C1C=CC=C3)NC2=O	BGC0000356_MIBiGv3.1_tryprostatin B
C/C(C)=C/[C@@H]1N2C3=C(C4=C2[C@@H](N5C([C@]6([H])CCCN6C([C@]5(O)[C@H]4O)=O)=O)CC(C)(C)OO1)C=CC(OC)=C3	BGC0000356_MIBiGv3.1_verruculogen
C/C(C)=C\CC1=CC=CC2=C1NC=C2CC(N3O[Fe](ON4C(CC5=CNC6=C5C=CC=C6C/C=C(C)\C)=C(N=C(C4=O)C)OC)ON7C(CC8=CNC9=C8C=CC=C9C/C=C(C)\C)=C(N=C(C7=O)C)OC)=C(N=C(C3=O)C)OC	BGC0000372_MIBiGv3.1_astechrome
C=C(/C=C/C1=CC=CC2=C1NC=C2CC(N3O[Fe](ON4C(CC5=CNC6=C5C=CC=C6/C=C/C(C)=C)=C(N=C(C4=O)C)OC)ON7C(CC8=CNC9=C8C=CC=C9/C=C/C(C)=C)=C(N=C(C7=O)C)OC)=C(N=C(C3=O)C)OC)C	BGC0000372_MIBiGv3.1_hexadehydroastechrome
C[C@@H]1NC(=O)C(CC2=CNC3=C2C=CC=C3CC=C(C)C)NC1=O	BGC0000372_MIBiGv3.1_terezine-D
CC1([C@@H](N2[C@H](S1)[C@@H](C2=O)NC(=O)CC3=CC=CC=C3)C(=O)[O-])C.[Na+]	BGC0000404_MIBiGv3.1_penicillin
[Na+].[H][C@]12SC(C)(C)[C@@H](N1C(=O)[C@H]2NC(=O)Cc1ccccc1)C([O-])=O	BGC0000405_MIBiGv3.1_benzylpenicillin
[H][C@]12SC(C)(C)[C@@H](N1C(=O)[C@H]2NC(=O)CCC[C@H](N)C(O)=O)C(O)=O	BGC0000405_MIBiGv3.1_isopenicillin N
CC(C)[C@@H](NC(=O)[C@H](CS)NC(=O)CCC[C@H]([NH3+])C([O-])=O)C([O-])=O	BGC0000405_MIBiGv3.1_δ-(L-α-aminoadipyl)-L-cysteine-D-valine
CC(C)(C=C)C12C=C(C(=O)N\3C1(NC4=CC=CC=C24)NC(=O)/C3=C\C5=CN=CN5)O	BGC0000420_MIBiGv3.1_glandicoline A
CC(C)(C=C)C12C=C(C(=O)N\3C1(NC(=O)/C3=C\C4=CN=CN4)N(C5=CC=CC=C25)O)O	BGC0000420_MIBiGv3.1_glandicoline B
CON1C2=C(C=CC=C2)[C@]2(C=C(O)C(=O)N3\C(=C\C4=CNC=N4)C(=O)N[C@]123)C(C)(C)C=C	BGC0000420_MIBiGv3.1_meleagrine
[H][C@@]12NC3=C(C=CC=C3)[C@@]1(C[C@@H]1N2C(=O)\C(NC1=O)=C/C1=CN=CN1)C(C)(C)C=C	BGC0000420_MIBiGv3.1_roquefortine C
CC(C)(C=C)C12CC3N(C1NC1=CC=CC=C21)C(=O)C(CC1=CN=CN1)NC3=O	BGC0000420_MIBiGv3.1_roquefortine D
CC(C)=CCC1=C(C2=CNC3=C2C=CC=C3)C(=O)C(O)=C(C2=C(NC3=C2C=CC=C3)C(C)(C)C=C)C1=O	BGC0000442_MIBiGv3.1_terrequinone A
[H][C@](N)(C[C@H](O)C[S@@](=O)C1=C2C=C(O[C@](C)(CC)[C@]([H])(NC(=O)[C@]([H])(C)NC(=O)[C@@]([H])(NC)[C@@H]2O)C(=O)NCC(O)=O)C(O)=C1)C(O)=O	BGC0000627_MIBiGv3.1_ustiloxin B
CC(=O)O[C@H]1[C@@H](C)C(=O)O[C@H]2[C@H](C)[C@@H](O)[C@H](C)O[C@]12C	BGC0000631_MIBiGv3.1_botcinin H
CCCCC(=O)/C=C/C(=O)O[C@H]1[C@H](C)O[C@]2(C)[C@@H](O)[C@@H](C)C(=O)O[C@H]2[C@@H]1C	BGC0000631_MIBiGv3.1_botcinin I
CCCCCCC(=O)/C=C\C(=O)O[C@H]1[C@H](C)O[C@]2(C)[C@@H](OC(C)=O)[C@@H](C)C(=O)O[C@H]2[C@@H]1C	BGC0000631_MIBiGv3.1_botcinin J
CCCCC/C=C/C(=O)O[C@@H]1[C@@H](C)[C@@H]2OC(=O)[C@H](C)[C@H](O)[C@@]2(C)O[C@@]1(C)C(C)=O	BGC0000631_MIBiGv3.1_botcinin K
C[C@H]1C(=O)O[C@@](C)(C2O[C@](C)(O)[C@H](O)[C@H]2C)[C@H]1O	BGC0000631_MIBiGv3.1_cinbotolide D
CC1C(OC(C)=O)C2OC2C2=CC(=O)C3(CC12C)OC3(C)C=O	BGC0000667_MIBiGv3.1_PR-toxin
CC1(C)CCC[C@]2(C)C3CC[C@@](C)(C=C)C=C3CC[C@@H]12	BGC0000673_MIBiGv3.1_pimara-8(14),15-diene
C[C@@]1(CO)[C@H](O)CC[C@@]2(C)[C@@]1([H])CC[C@]3([H])[C@]2(CC[C@@]4(C)O)C[C@@]4([H])C3	BGC0000676_MIBiGv3.1_17-deoxyaphidicolin
[H][C@]12C[C@]3([H])C[C@]1(CC[C@]3(O)CO)[C@@]1(C)CCC[C@@](C)(CO)[C@]1([H])CC2	BGC0000676_MIBiGv3.1_3-deoxyaphidicolin
C[C@]12CCCC([C@@H]1CC[C@@H]3[C@@]24CC[C@@]([C@@H](C3)C4)(C)O)(C)C	BGC0000676_MIBiGv3.1_aphidicolan-16β-ol
[H][C@]12C[C@]3([H])C[C@]1(CC[C@]3(O)CO)[C@@]1(C)CC[C@@H](O)[C@@](C)(CO)[C@]1([H])CC2	BGC0000676_MIBiGv3.1_aphidicolin
C[C@]12CCC(=O)C(C1=C(C(=O)[C@@]3([C@@]2(CC(=C)[C@]4([C@H]3C(=O)O[C@@](C4=O)(C)C(=O)OC)C)O)C)O)(C)C	BGC0000682_MIBiGv3.1_terretonin
OCC1=CC2=C(C(O)=C1O)C(=O)C1=C(C(O)=C(O)C=C1O)C2=O	BGC0000684_MIBiGv3.1_asperthecin
[H][C@@]12CC[C@](O)(COC)\C1=C\[C@@]1([H])[C@H](C)C(=O)C(C(C)C)=C1C[C@H](O)[C@@H]2C	BGC0000685_MIBiGv3.1_brassicicene C
[H][C@@]12CC[C@@]3(C)\C([C@H](C[C@]3(C)[C@@]1(C)[C@H](OC(C)=O)C(=O)[C@@]1([H])[C@H](C)C(=O)C=C[C@]21C)OC(C)=O)=C(/CC=C(C)C)C(O)=O	BGC0000686_MIBiGv3.1_helvolic acid
C[C@]12CCCC([C@@H]1CC[C@]34[C@@H]2CCC(C3)[C@](C4)(C)O)(C)C	BGC0000687_MIBiGv3.1_phyllocladan-16α-ol
C/C(=C\COP(=O)(O)OP(=O)(O)O)/CC[C@H]1C(=C)CC[C@@H]2[C@@]1(CCCC2(C)C)C	BGC0000688_MIBiGv3.1_copalyl diphosphate
C[C@H]1CN(C)[C@@H]2CC3=C(NC4=CC=CC([C@H]2[C@H]1OC(C)=O)=C34)C(C)(C)C=C	BGC0000811_MIBiGv3.1_fumigaclavine C
CC=C1C2CC3=C(C=CC(O)=N3)C1(N)CC(C)=C2	BGC0000812_MIBiGv3.1_huperzine A
CNC1[C@H]2CN3C1[C@@H](O2)CC3	BGC0000815_MIBiGv3.1_loline
CC(NC1[C@H]2CN3C1[C@@H](O2)CC3)=O	BGC0000815_MIBiGv3.1_N-acetylnorloline
[H]C(N(C)C1[C@H]2CN3C1[C@@H](O2)CC3)=O	BGC0000815_MIBiGv3.1_N-formylloline
CC1(C)[C@@H]2C[C@]34CCCN3C[C@@]2(CC2=C1NC1=CC(Cl)=CC=C21)NC4=O	BGC0000816_MIBiGv3.1_malbrancheamide A
CC1(C)[C@@H]2C[C@]34CCCN3C(=O)[C@@]2(C[C@@]11C(=O)N(O)C2=C1C=CC1=C2C=CC(C)(C)O1)NC4=O	BGC0000818_MIBiGv3.1_notoamide A
CN1C(=O)[C@]23C[C@H]4C(C)(C)[C@@]5(C[C@]14CN2CC[C@@]3(C)O)C(=O)NC1=C2OC=CC(C)(C)OC2=CC=C51	BGC0000819_MIBiGv3.1_paraherquamide
C[C@@H]1OC=C2C(O)=C(C(O)=O)C(=O)C(C)=C2[C@H]1C	BGC0000894_MIBiGv3.1_citrinin
CC(=O)N(CCC[C@H]1C(=O)NCC(=O)NCC(=O)NCC(=O)N[C@H](C(=O)N[C@H](C(=O)N1)CCCN(C(=O)C)O)CCCN(C=O)O)O	BGC0000900_MIBiGv3.1_ferrichrome
CC(=O)N(CCCC1C(=O)NC(C(=O)NC(C(=O)NCC(=O)NCC(=O)NCC(=O)N1)CCCN(C(=O)C)[O-])CCCN(C(=O)C)[O-])[O-].[55Fe+3]	BGC0000901_MIBiGv3.1_ferrichrome
CC1=C[C@@H]2[C@]([C@@H](C1=O)O)([C@]3(C[C@H]([C@H]([C@@]34CO4)O2)O)C)CO	BGC0000930_MIBiGv3.1_deoxynivalenol
CC[C@H](C)C[C@H](C)C(=O)C1=C(C(=CNC1=O)C2=CC=C(C=C2)O)O	BGC0000959_MIBiGv3.1_aspyridone A
CC[C@H](C)C[C@H](C)C(=O)C1=C(C(=CNC1=O)C2=CC(=C(C=C2)O)O)O	BGC0000959_MIBiGv3.1_aspyridone B
CC[C@H]1[C@H]2[C@@H](NC(=O)[C@@]23[C@@H](/C=C/C[C@@H](/C=C(\[C@H](C(=O)/C=C/C3=O)O)/C)C)[C@H]4[C@@]1(O4)C)[C@@H](C)C5=CNC6=CC=CC=C65	BGC0000968_MIBiGv3.1_chaetoglobosin A
C[C@H]\1C/C=C/[C@H]2[C@H]3[C@](O3)([C@H]([C@@H]4[C@@]2(C(=O)CCC(=O)C(=O)/C(=C1)/C)C(=O)N[C@H]4CC5=CNC6=CC=CC=C65)C)C	BGC0000968_MIBiGv3.1_chaetoglobosin C
CC(=O)C1=C([C@@H]2[C@@H]3[C@@H](CC4=C5C3=CNC5=CC=C4)C(N2C1=O)(C)C)O	BGC0000977_MIBiGv3.1_cyclopiazonic acid
[H][C@@]12O[C@]1(C)[C@@H](C)[C@@]1([H])[C@H](CC3=CC=CC=C3)NC(=O)[C@]11OC(=O)O\C=C\[C@@](C)(O)C(=O)[C@@H](C)C\C=C\[C@@]21[H]	BGC0000983_MIBiGv3.1_cytochalasin E
[H][C@]12[C@H](CC3=CC=CC=C3)NC(=O)[C@]11C(=O)\C=C\C(=O)[C@H](OC(C)=O)\C(C)=C\[C@@H](C)C\C=C\[C@@]1([H])[C@@H]1O[C@]1(C)[C@H]2C	BGC0000983_MIBiGv3.1_cytochalasin K
C/C=C(/C=C(/C=C/C=C(/C=C/C(C(C)C(N[C@H](CC1=CC=C(O)C=C1)C(O)=O)=O)=O)C)C)C	BGC0000992_MIBiGv3.1_(3R,5S)-5-(4-hydroxybenzyl)-3-methyl-3-((2E,4E,6E,8E,10E)-4,8,10-trimethyldodeca-2,4,6,8,10-pentaenoyl)pyrrolidine-2,4-dione
C/C=C(\C)/C=C(\C)/C=C/C=C(\C)/C=C/C(=O)[C@@]1(C(=O)[C@@H](NC1=O)CC2=CC=C(C=C2)O)C	BGC0000992_MIBiGv3.1_fusaridione A
COC(=O)\C(=C\C)\C=C(/C)\C=C\C=C\C=C(/C)C(=O)[C@]12O[C@H]1[C@@](O)(CCO)NC2=O	BGC0001026_MIBiGv3.1_NG-391
[H][C@@](CC1=CC=CC=C1)(NC(=O)C1=C(O)C2=C(C[C@@]([H])(C)OC2=O)C(Cl)=C1)C(O)=O	BGC0001030_MIBiGv3.1_ochratoxin A
[H][C@@]12C[C@@H](O)CN1C(=O)[C@@]([H])(NC(=O)[C@@H](C[C@@H](O)[C@@H](O)NC(=O)[C@]1([H])[C@@H](O)[C@@H](C)CN1C(=O)[C@@]([H])(NC(=O)[C@@]([H])(NC2=O)[C@H](O)[C@@H](O)C1=CC=C(O)C=C1)[C@H](O)CC(N)=O)NC(=O)CCCCCCCC[C@@H](C)C[C@@H](C)CC)[C@@H](C)O	BGC0001035_MIBiGv3.1_pneumocandin A0
[H][C@@]12C[C@@H](O)CN1C(=O)[C@@]([H])(NC(=O)[C@@H](C[C@@H](O)[C@@H](O)NC(=O)[C@]1([H])[C@@H](O)CCN1C(=O)[C@@]([H])(NC(=O)[C@@]([H])(NC2=O)[C@H](O)[C@@H](O)C1=CC=C(O)C=C1)[C@H](O)CC(N)=O)NC(=O)CCCCCCCC[C@@H](C)C[C@@H](C)CC)[C@@H](C)O	BGC0001035_MIBiGv3.1_pneumocandin B0
CC\C=C\C=C\C1=C(C)C(=O)[C@@]2(O1)[C@@H](O)[C@](O)(CC1=CC=CC=C1)NC2=O	BGC0001037_MIBiGv3.1_azaspirene
CC\C=C/[C@H](O)[C@H](O)C1=C(C)C(=O)[C@@]2(O1)C(O)[C@](NC2=O)(OC)C(=O)C1=CC=CC=C1	BGC0001037_MIBiGv3.1_pseurotin
C[C@@H]1C(C(=O)[C@]2(O1)C[C@@H]3[C@]([C@@H]2OC(=O)C)(C[C@]45N3C(=O)[C@](N(C4=O)C)(SS5)CO)O)(C)C	BGC0001044_MIBiGv3.1_sirodesmin PL
CCC(C)\C=C(/C)\C=C\C(=O)C1=C(O)C(=CN(O)C1=O)C1=CC=C(O)C=C1	BGC0001049_MIBiGv3.1_tenellin
C[C@H]1CCCC(=O)CCC/C=C/C2=C(C(=CC(=C2)O)O)C(=O)O1	BGC0001057_MIBiGv3.1_zearalenone
[H][C@@]1([C@H](OC)[C@@H](CC[C@]11CO1)OC(=O)\C=C\C=C\C=C\C=C\C(O)=O)[C@@]1(C)O[C@@H]1CC=C(C)C	BGC0001067_MIBiGv3.1_fumagillin
CC(=CC[C@@H]1[C@@](O1)(C)[C@H]2[C@@H]([C@@H](CC[C@]23CO3)O)OC)C	BGC0001067_MIBiGv3.1_fumagillol
CC(=CCC[C@@]1([C@H]2CCC(=C)[C@@H]1C2)C)C	BGC0001067_MIBiGv3.1_β-trans-bergamotene
[H][C@]12CC3=C(NC4=CC=CC=C34)[C@]1(C)[C@@]1(C)CC[C@]3([H])O[C@@H](C(=O)C=C3[C@]1([H])CC2)C(C)(C)O	BGC0001082_MIBiGv3.1_13-dehydroxypaxilline
[H][C@]12CC3=C(NC4=CC=CC=C34)[C@]1(C)[C@@]1(C)CC[C@]3([H])O[C@@H](CC[C@@]3(C)[C@]1([H])CC2)C(C)(C)O	BGC0001082_MIBiGv3.1_paspaline
CC(C)(O)C1CCC2(C=O)C(CCC3(C)C2CCC2CC4=C(NC5=CC=CC=C45)C32C)O1	BGC0001082_MIBiGv3.1_paspaline B
C[C@]12CC[C@H]3C(=CC(=O)[C@H](O3)C(C)(C)O)[C@@]1(CC[C@@H]4[C@@]2(C5=C(C4)C6=CC=CC=C6N5)C)O	BGC0001082_MIBiGv3.1_paxilline
CC1(C)[C@@H]2C[C@]34CCCN3C(=O)[C@@]2(C[C@@]11C(=O)N(O)C2=C1C=CC1=C2C=CC(C)(C)O1)NC4=O	BGC0001084_MIBiGv3.1_notoamide A
CC1=C(C(=C2C(=C1)C(=O)C3=CC(=CC(=C3C2=O)O)O)O)C(=O)O	BGC0001118_MIBiGv3.1_endocrocin
CC(C)C[C@H](O)[C@@H]1OC2=C(O1)C(=O)NC(C)=C2	BGC0001122_MIBiGv3.1_dihydroisoflavipucine
[H]C1(OC2=C(O1)C(=O)NC(C)=C2)C(=O)CC(C)C	BGC0001122_MIBiGv3.1_isoflavipucine
[H][C@@]12SS[C@]3([H])NC(=O)[C@@]1(OC1=C2C=C(Cl)C(O)=C1)N(OC)C3=O	BGC0001123_MIBiGv3.1_aspirochlorine
CCCCC\C=C\C=C\C1=C(O)C(=O)C2=C(O1)C(=C)N(C)C2=O	BGC0001124_MIBiGv3.1_pyranonigrin E
OC1=CC=C(C2=CN(O)C(C(C(/C=C/C=C/C=C/[C@H](C)CC)=O)=C2O)=O)C=C1	BGC0001136_MIBiGv3.1_desmethylbassianin
[H][C@@]12C[C@H](O)C[C@@]1([H])[C@@H](O)\C=C\C(=O)O[C@H](C)CCC\C=C\2	BGC0001141_MIBiGv3.1_4-epi-15-epi-brefeldin A
C[C@@H](C1=NC2=CC=CC=C2C(=O)N1[C@@H]3C[C@]4([C@H]5N(C6=CC=CC=C64)C(=O)C(N5O)(C)C)OC3=O)OC(=O)C	BGC0001142_MIBiGv3.1_tryptoquialanine
CCC(C)CC(C)C(=O)OC1(C(=O)C=C2C=C(OC=C2C1=O)C(=O)O)C	BGC0001143_MIBiGv3.1_azanigerone A
C/C(C)=C\CC1=C2C=C(O)C=C(O)C2=C(O)C3=C1C[C@](CC(/C=C(C)\O)=O)(O)[C@H](O)C3=O	BGC0001144_MIBiGv3.1_neosartoricin B
C[C@@H]1C(=O)N[C@H](C(=O)N2CCC[C@@H]2C(=O)N[C@H](C(=O)N1)C)CCCCCC(=O)C3CO3	BGC0001166_MIBiGv3.1_HC-toxin
CC[C@H]1[C@H]2[C@@H](NC(=O)[C@@]23[C@@H](/C=C/C[C@@H](/C=C(\[C@H](C(=O)/C=C/C3=O)O)/C)C)[C@H]4[C@@]1(O4)C)[C@@H](C)C5=CNC6=CC=CC=C65	BGC0001182_MIBiGv3.1_chaetoglobosins
CCCCCC/C=C/C=C/C=C/C(O)=C1C(N(O)CC/1=O)=O	BGC0001187_MIBiGv3.1_xenolozoyenone
CCCCC1=CN=C(C=C1)C(=O)O	BGC0001190_MIBiGv3.1_fusaric acid
[H][C@]12NC3=CC=CC=C3[C@@]34CCN(C(C)=O)[C@]3([H])N3CC[C@]14C1=C(C=CC=C1[C@H]3C1OC1(C)C)N2C	BGC0001205_MIBiGv3.1_communesin A
[H][C@]12NC3=CC=CC=C3[C@@]34CCN(C(=O)\C=C\C=C\C)[C@]3([H])N3CC[C@]14C1=C(C=CC=C1[C@H]3C1OC1(C)C)N2C	BGC0001205_MIBiGv3.1_communesin B
[H][C@@]1(OC1(C)C)[C@@]1([H])N2CC[C@]34C5=C1C=CC=C5N(C=O)[C@@]3([H])NC1=C(C=CC=C1)[C@]41CCN(C(=O)\C=C\C=C\C)[C@]21[H]	BGC0001205_MIBiGv3.1_communesin C
C\C=C\C=C\C(=O)N1CC[C@@]23[C@@H]1N1CC[C@@]22[C@@H](NC4=C3C=CC=C4)N(C=O)C3=CC=CC([C@@H]1[C@@H]1OC1(C)C)=C23	BGC0001205_MIBiGv3.1_communesin D
CN1[C@@H]2NC3=CC=CC=C3[C@]34CCN([C@H]3N3CC[C@@]24C2=C1C=CC=C2[C@@H]3C=C(C)C)C(C)=O	BGC0001205_MIBiGv3.1_communesin E
[H][C@]1(OC1(C)C)[C@]1([H])N2CC[C@@]34C5=C(C=CC=C15)N(C)[C@]3([H])NC1=CC=CC=C1[C@@]41CCN(C(=O)CC)[C@@]21[H]	BGC0001205_MIBiGv3.1_communesin G
[H][C@]1(OC1(C)C)[C@]1([H])N2CC[C@@]34C5=C(C=CC=C15)N(C)[C@]3([H])NC1=CC=CC=C1[C@@]41CCN(C(=O)CCC)[C@@]21[H]	BGC0001205_MIBiGv3.1_communesin H
CC[C@@H](C)C[C@@H](C)/C=C(\C)/C=C/C=C/C=C(\C)/C(=C1C(=O)C(=CN(C1=O)O)C2=CC=C(C=C2)O)O	BGC0001218_MIBiGv3.1_fumosorinone
CC1=C(C(=O)C(=O)C(=C1O)C)CO	BGC0001219_MIBiGv3.1_shanorellin
CCCCCCCCCCCCCCCC(=O)N[C@H]1C[C@H]([C@H](NC(=O)[C@@H]2[C@H]([C@H](CN2C(=O)[C@@H](NC(=O)[C@@H](NC(=O)[C@@H]3C[C@H](CN3C(=O)[C@@H](NC1=O)[C@@H](C)O)O)[C@@H]([C@H](C4=CC=C(C=C4)O)O)O)[C@@H](C)O)C)O)O)O	BGC0001220_MIBiGv3.1_aculeacin A
OC(=O)CCCC[C@@H]1SC[C@@H]2NC(=O)N[C@H]12	BGC0001238_MIBiGv3.1_biotin
C1[C@H]2[C@@H]([C@@H](S1)CCCCC(=O)O)NC(=O)N2	BGC0001239_MIBiGv3.1_biotin
NCC[C@H](O)C[C@H]1NC(=O)[C@H](CO)NC(=O)[C@@H]2C[C@@H](O)CN2C(=O)C2(CC2)NC(=O)[C@H](CO)NC(=O)[C@@H](CO)NC(=O)CCNC1=O	BGC0001240_MIBiGv3.1_serinocyclin A
NCCCC[C@H]1NC(=O)[C@H](CO)NC(=O)[C@@H]2C[C@@H](O)CN2C(=O)C2(CC2)NC(=O)[C@H](CO)NC(=O)[C@@H](CO)NC(=O)CCNC1=O	BGC0001240_MIBiGv3.1_serinocyclin B
C[C@@]1(C(=O)N2[C@H](C(=O)N3CCC[C@H]3[C@@]2(O1)O)CC4=CC=CC=C4)NC(=O)[C@H]5CN([C@@H]6CC7=CNC8=CC=CC(=C78)C6=C5)C	BGC0001241_MIBiGv3.1_ergotamine
COC1=CC(=O)C2=C(O)C3=C(CC(C)(O)OC3)C(O)=C2C1=O	BGC0001242_MIBiGv3.1_oxyjavanicin
C[C@@H]1CC2=C(C(=CC=C2)O)C(=O)O1	BGC0001244_MIBiGv3.1_(-)-Mellein
C[C@H]1CCCCCCCC2=CC(=CC(=C2C(=O)O1)OC)O	BGC0001245_MIBiGv3.1_lasiodiplodin
C[C@H]1CCC/C=C/C(=O)CC2=CC(=CC(=C2C(=O)O1)O)O	BGC0001246_MIBiGv3.1_trans-resorcylide
[H][C@@]1(CC[C@@]2(C)C3=C(CC[C@]12C)[C@@]1(C)C[C@@H](OC(=O)CC(C)(O)CC(O)=O)C(=O)C(C)(C)[C@]1([H])CC3)[C@H](C)CCC(O)C(C)(C)O	BGC0001248_MIBiGv3.1_clavaric acid
C/C(=C/C(=O)N(CCCC1C(=O)NC(C(=O)N1)CCCN(C(=O)/C=C(/C)\CCOC(=O)C(CCCN(C(=O)/C=C(\C)/CCO)[O-])N(C)C)[O-])[O-])/CCO.[Fe+3]	BGC0001249_MIBiGv3.1_dimethylcoprogen
C/C(=C\C(=O)N(CCC[C@H]1C(=O)NCC(=O)NCC(=O)NCC(=O)NCC(=O)N[C@H](C(=O)N[C@H](C(=O)N[C@H](C(=O)N1)CCCN(C(=O)/C=C(\C)/CCO)O)CCCN(C(=O)/C=C(\C)/CCO)O)CCC(=O)N)O)/CCO	BGC0001250_MIBiGv3.1_epichloenin A
C/C(=C\C(=O)N(CCC[C@H]1C(=O)NCC(=O)NCC(=O)NCC(=O)NCC(=O)N[C@H](C(=O)N[C@H](C(=O)N[C@H](C(=O)N1)CCCN(C(=O)/C=C(\C)/CCO)O)CCCN(C(=O)/C=C(\C)/CCO)O)CCC(=O)N)O)/CCO	BGC0001251_MIBiGv3.1_epichloenin A
C/C=C(\C)/[C@H]([C@@H](C)/C=C/[C@H]([C@@H](C)[C@H](C[C@@H]1CC(=CC(=O)O1)O)O)O)O	BGC0001252_MIBiGv3.1_UNII-YC2Q1O94PT
C/C=C(\C)/CC(C)(C(C(C(=O)NC(C(C)C)C(=O)O[C@H](/C=C/C=C\C=C\C(=O)O)[C@@]1(CO1)C)O)O)O	BGC0001254_MIBiGv3.1_ACT-Toxin II
[H][C@@]12C[C@H](C)CC[C@@]1([H])[C@@](C)([C@H](\C=C\C)C=C2)C(\O)=C1\C(=O)[C@H](CO)N(C)C1=O	BGC0001255_MIBiGv3.1_equisetin
C1=C2C=C(C=C(C2=C(C=C1O)O)O)O	BGC0001257_MIBiGv3.1_1,3,6,8-tetrahydroxynaphthalene
C1=C2C=C(C=C(C2=C(C=C1O)O)O)O	BGC0001258_MIBiGv3.1_1,3,6,8-tetrahydroxynaphthalene
[H][C@]12CC3=C(NC4=CC=CC=C34)[C@]1(C)[C@@]1(C)CC[C@]3([H])O[C@@H](C[C@@H](O)[C@@]3(C)[C@]1([H])CC2)C(C)(C)O	BGC0001260_MIBiGv3.1_terpendole E
CC1C(=O)OC(C(=O)NC(C(=O)NC(=C)C(=O)N1)CCC2=CC=C(C=C2)OC)C(C)C	BGC0001261_MIBiGv3.1_AM-toxin
CC(C1=CC=CC=C1)C(C(=O)OC(/C=C/C=C\C=C\C(=O)O)C2(CO2)C)NC(=O)C	BGC0001262_MIBiGv3.1_AK-toxin I
CCC(C)C1C2(C3C(CC(CC3C(C1(C)O)(/C(=C/O)/C2=O)O)(C)O)C)C	BGC0001264_MIBiGv3.1_betaenone A
CC[C@@H](C)[C@@H]1[C@]([C@H]2[C@@H](C[C@@](C[C@@H]2C(=O)[C@@]1(C)O)(C)O)C)(C)C(=O)CCO	BGC0001264_MIBiGv3.1_betaenone B
[H][C@@](C)(CC)[C@@]1([H])[C@](C)(O)C(=O)[C@@]2([H])C[C@](C)(O)C[C@@H](C)[C@]2([H])[C@@]1(C)C(=O)\C=C/O	BGC0001264_MIBiGv3.1_betaenone C
CCCCCCCC1=C2C(=CC(=C1C(=O)O)O)OC(=O)C3=C(O2)C=C(C=C3C)OC	BGC0001266_MIBiGv3.1_grayanic acid
CN1CC(=C[C@H]2[C@H]1CC3=CNC4=CC=CC2=C34)CO	BGC0001267_MIBiGv3.1_elymoclavine
CN1C[C@@H](C=C2[C@H]1CC3=CNC4=CC=CC2=C34)C(=O)O	BGC0001267_MIBiGv3.1_lysergic acid
C/C=C(/C)\C=C(/C)\C=C(/C)\C=C\C=C(/C)\C(=O)[C@@]12[C@@H](O1)[C@](NC2=O)(CCO)O	BGC0001268_MIBiGv3.1_fusarin C
C[C@H]1[C@@H](O1)C2=C[C@@H](OC2=O)[C@H](C)O	BGC0001273_MIBiGv3.1_asperlactone
CC1=C(C(=CC=C1)O)C(=O)O	BGC0001275_MIBiGv3.1_6-methylsalicyclic acid
CC1=C(C(=CC=C1)O)C(=O)O	BGC0001276_MIBiGv3.1_6-methylsalicyclic acid
CC1=C[C@@H]2[C@]([C@@H](C1=O)O)([C@]3(C[C@H]([C@H](C34CO4)O2)O)C)COC(=O)C	BGC0001277_MIBiGv3.1_15-acetyldeoxynivalenol
[H][C@@]12O[C@]3([H])C=C(C)CC[C@]3(CO)[C@@](C)(C[C@H]1OC(C)=O)[C@]21CO1	BGC0001277_MIBiGv3.1_15-deacetylcalonectrin
CC1=C[C@@H]2[C@](C[C@@H]1OC(=O)CC(C)C)([C@]3([C@@H](C[C@H]([C@H]([C@]34CO4)O2)OC(=O)C)OC(=O)C)C)COC(=O)C	BGC0001277_MIBiGv3.1_3-acetyl T-2 toxin
CC1=C[C@@H]2[C@]([C@@H](C1=O)O)([C@]3(C[C@H]([C@H]([C@@]34CO4)O2)OC(=O)C)C)CO	BGC0001277_MIBiGv3.1_3-acetyldeoxynivalenol
CC1=C[C@H]2[C@](CC1)([C@]3(C[C@H](C[C@]3(O2)CO)O)C)C	BGC0001277_MIBiGv3.1_apotrichodiol
CC1=C[C@@H]2[C@](CC1)([C@]3(C[C@H]([C@H](C34CO4)O2)OC(=O)C)C)COC(=O)C	BGC0001277_MIBiGv3.1_calonectrin
CC1=CC([C@@](CC1)(C)[C@]2(C[C@H]([C@H](C23CO3)O)O)C)O	BGC0001277_MIBiGv3.1_isotrichotriol
CC1=C[C@@H]2[C@](C[C@@H]1O)([C@]3([C@@H]([C@H]([C@H]([C@@]34CO4)O2)O)OC(=O)C)C)COC(=O)C	BGC0001277_MIBiGv3.1_neosolaniol
CC1=C[C@@H]2[C@]([C@@H](C1=O)O)([C@]3([C@@H]([C@H]([C@H]([C@@]34CO4)O2)O)O)C)CO	BGC0001277_MIBiGv3.1_nivalenol
CC1=C[C@@H]2[C@](C[C@@H]1OC(=O)CC(C)C)([C@]3([C@@H]([C@H]([C@H]([C@]34CO4)O2)O)OC(=O)C)C)COC(=O)C	BGC0001277_MIBiGv3.1_T-2 toxin
CC1=CC[C@](C)(CC1)[C@@]1(C)CCCC1=C	BGC0001277_MIBiGv3.1_trichodiene
[H][C@@]12O[C@]3([H])C=C(C)C(=O)[C@@H](O)[C@]3(CO)[C@@](C)(C[C@H]1O)[C@@]21CO1	BGC0001277_MIBiGv3.1_vomitoxin
CC1=C[C@@H]2[C@]([C@@H](C1=O)O)([C@]3(C[C@H]([C@H](C34CO4)O2)O)C)COC(=O)C	BGC0001278_MIBiGv3.1_15-acetyldeoxynivalenol
CC1=CC2C(CC1)(C3(CC(C(C34CO4)O2)OC(=O)C)C)CO	BGC0001278_MIBiGv3.1_15-decalonectrin
CC1=C[C@@H]2[C@](C[C@@H]1OC(=O)CC(C)C)([C@]3([C@@H](C[C@H]([C@H]([C@]34CO4)O2)OC(=O)C)OC(=O)C)C)COC(=O)C	BGC0001278_MIBiGv3.1_3-acetyl T-2 toxin
CC1=C[C@@H]2[C@]([C@@H](C1=O)O)([C@]3(C[C@H]([C@H]([C@@]34CO4)O2)OC(=O)C)C)CO	BGC0001278_MIBiGv3.1_3-acetyldeoxynivalenol
CC1=C[C@H]2[C@](CC1)([C@]3(C[C@H](C[C@]3(O2)CO)O)C)C	BGC0001278_MIBiGv3.1_apotrichodiol
CC1=C[C@@H]2[C@](CC1)([C@]3(C[C@H]([C@H](C34CO4)O2)OC(=O)C)C)COC(=O)C	BGC0001278_MIBiGv3.1_calonectrin
CC1=C[C@@H]2[C@]([C@@H](C1=O)O)([C@]3(C[C@H]([C@H]([C@@]34CO4)O2)O)C)CO	BGC0001278_MIBiGv3.1_deoxynivalenol
CC1=CC([C@@](CC1)(C)[C@]2(C[C@H]([C@H](C23CO3)O)O)C)O	BGC0001278_MIBiGv3.1_isotrichotriol
CC1=C[C@@H]2[C@](C[C@@H]1O)([C@]3([C@@H]([C@H]([C@H]([C@@]34CO4)O2)O)OC(=O)C)C)COC(=O)C	BGC0001278_MIBiGv3.1_neosolaniol
CC1=C[C@@H]2[C@]([C@@H](C1=O)O)([C@]3([C@@H]([C@H]([C@H]([C@@]34CO4)O2)O)O)C)CO	BGC0001278_MIBiGv3.1_nivalenol
CC1=C[C@@H]2[C@](C[C@@H]1OC(=O)CC(C)C)([C@]3([C@@H]([C@H]([C@H]([C@]34CO4)O2)O)OC(=O)C)C)COC(=O)C	BGC0001278_MIBiGv3.1_T-2 toxin
CC1=CC[C@@](CC1)(C)[C@]2(CCCC2=C)C	BGC0001278_MIBiGv3.1_trichodiene
CC1=CC(=CC2=C1C3=CC(=CC(=C3C(=O)O2)O)O)O	BGC0001284_MIBiGv3.1_alternariol
CCCCCC[C@H](C)[C@H]1OC(=O)[C@H](C)NC(=O)[C@H](C)NC(=O)[C@H](CC(C)C)NC(=O)[C@@H](NC(=O)CNC(=O)[C@@H]1C)C(C)C	BGC0001290_MIBiGv3.1_emericellamide A
CCCCCC[C@H](C)C[C@H](C)[C@H]1OC(=O)[C@H](C)NC(=O)[C@H](C)NC(=O)[C@H](CC(C)C)NC(=O)[C@@H](NC(=O)CNC(=O)[C@@H]1C)C(C)C	BGC0001290_MIBiGv3.1_emericellamide B
CC1=CC(=C(C2=C1C(=CC(=O)O2)OC)C3=C(C4=C(C=C(C=C4CO)OC)OC3=O)OC)OC	BGC0001304_MIBiGv3.1_aflavarin
CCC(C)C(=C1C(=O)C(C(OC1=O)C)CO)O	BGC0001305_MIBiGv3.1_fujikurin B
CCC(C)C(=C1C(=O)C(C(OC1=O)C)C)O	BGC0001305_MIBiGv3.1_fujikurin C
CCC(C)C(\O)=C1/C(=O)OC(C)C(C)C1=O	BGC0001305_MIBiGv3.1_fujikurin D
C[C@@H]1OC=C2C(O)=C(C(O)=O)C(=O)C(C)=C2[C@H]1C	BGC0001338_MIBiGv3.1_citrinin
CC[C@H](C)C[C@H](C)\C=C\C(=O)O[C@@H]1C[C@]2(CCC(=C)[C@@H](OC(C)=O)[C@H](C)CC3=CC=CC=C3)O[C@@]1(C(O)=O)[C@@](O)([C@H](O2)C(O)=O)C(O)=O	BGC0001339_MIBiGv3.1_squalestatin S1
CCC[C@@H]1CC2=C(C[C@H](CC)CC3=C1C(=O)OC3=O)C(=O)OC2=O	BGC0001340_MIBiGv3.1_byssochlamic acid
CCC(C)/C=C/C(=O)N1CC(CC1C(=O)NC(CC(C)CC(CC(=O)CC)O)C(=O)NC(C(C(C)C)O)C(=O)NC(C)(C)C(=O)NC(CC(C)C)C(=O)NC(CC(C)C)C(=O)NC(C)(C)C(=O)NC(C)(C)C(=O)NCCC(=O)NC(C)CN(C)C)C	BGC0001358_MIBiGv3.1_leucinostatin A
CCC(C)/C=C/C(=O)N1CC(CC1C(=O)NC(CC(C)CC(CC(=O)CC)O)C(=O)NC(C(C(C)C)O)C(=O)NC(C)(C)C(=O)NC(CC(C)C)C(=O)NC(CC(C)C)C(=O)NC(C)(C)C(=O)NC(C)(C)C(=O)NCCC(=O)NC(C)CNC)C	BGC0001358_MIBiGv3.1_leucinostatin B
Cc1c(c(n2c(cnc2c1Br)CSCCO)C)Br	BGC0001360_MIBiGv3.1_mycophenolic acid
CCCCC/C=C\C/C=C\CCCCCCCC(=O)N[C@H]1C[C@H]([C@H](NC(=O)[C@@H]2[C@H]([C@H](CN2C(=O)[C@@H](NC(=O)[C@@H](NC(=O)[C@@H]3C[C@H](CN3C(=O)[C@@H](NC1=O)[C@@H](C)O)O)[C@@H]([C@H](C4=CC=C(C=C4)O)O)O)[C@@H](C)O)C)O)O)O	BGC0001371_MIBiGv3.1_echinocandin B
CC1(CCC(OC1)(C)/C=C/C2=C(C3=C(C=C2)NC(=O)C(C3(C4=CC=C(C=C4)OC)O)OC)O)C	BGC0001372_MIBiGv3.1_penigequinolone A
C[C@@H]1CC[C@@H]2[C@@H]1C[C@@]3([C@@H]4C[C@]2([C@]3(C(=C4)C(C)C)C(=O)O)C=O)CO[C@H]5[C@H]([C@@H]([C@@H]([C@H](O5)C)OC)O)O	BGC0001373_MIBiGv3.1_sordarin
CC(=C)[C@@H]1[C@@H]([C@@H]2[C@@]3(O2)[C@@H](O1)CC[C@]4([C@]3(CC[C@@H]5[C@@]4(C6=C7[C@H]5OC([C@H]8C[C@H]9[C@@]8(C1=C7C(=CC(=C1CC9=C)Cl)N6)O)(C)C)C)O)C)O	BGC0001375_MIBiGv3.1_penitrem A
[H][C@]12C[C@@]3([H])[C@@]1([H])C1=C(CC2=C)C=CC2=C1C1=C(N2)[C@@]2(C)[C@@]([H])(CC[C@@]4(O)[C@@]56O[C@@H]5[C@@H](O)[C@H](O[C@@]6([H])CC[C@]24C)C(C)=C)[C@]1([H])OC3(C)C	BGC0001375_MIBiGv3.1_penitrem B
CC(=C)C1OC2CCC3(C)C4(C)C(CCC3(O)C2=CC1O)C1OC(C)(C)C2CC3C2C2=C(CC3=C)C(Cl)=CC3=C2C1=C4N3	BGC0001375_MIBiGv3.1_penitrem C
[H][C@]12C[C@@]3([H])[C@@]1([H])C1=C4C(NC5=C4[C@@]([H])(OC3(C)C)[C@]3([H])CC[C@@]4(O)C6=C[C@@H](O)[C@H](O[C@@]6([H])CC[C@]4(C)[C@@]53C)C(C)=C)=CC=C1CC2=C	BGC0001375_MIBiGv3.1_penitrem D
[H][C@]12C[C@@]3([H])[C@@]1(O)C1=C(CC2=C)C=CC2=C1C1=C(N2)[C@@]2(C)[C@@]([H])(CC[C@@]4(O)[C@@]56O[C@@H]5[C@@H](O)[C@H](O[C@@]6([H])CC[C@]24C)C(C)=C)[C@]1([H])OC3(C)C	BGC0001375_MIBiGv3.1_penitrem E
[H][C@]12C[C@@]3([H])[C@@]1([H])C1=C(CC2=C)C(Cl)=CC2=C1C1=C(N2)[C@@]2(C)[C@@]([H])(CC[C@@]4(O)[C@@]56O[C@@H]5[C@@H](O)[C@H](O[C@@]6([H])CC[C@]24C)C(C)=C)[C@]1([H])OC3(C)C	BGC0001375_MIBiGv3.1_penitrem F
CC1=CC(=C(C(=C1C=O)O)C/C=C(\C)/CC/C=C(\C)/CCC=C(C)C)O	BGC0001390_MIBiGv3.1_LL-Z1272beta
CCC1CCCCC(=O)C2=C(O1)C=C(C=C2CC(=O)OCC)O	BGC0001398_MIBiGv3.1_phomopsin A
CCOC(=O)CC1=CC(=CC2=C1C(=O)CCCCCC(O2)C)O	BGC0001398_MIBiGv3.1_phomopsin B
CC/C(=C(\C(=O)N/C(=C/C(=O)O)/C(=O)O)/NC(=O)[C@@H]1C=CCN1C(=O)[C@@H]2[C@@](OC3=C(C(=CC(=C3)[C@@H]([C@@H](C(=O)N[C@H](C(=O)N2)C(=C)C)N(C)C)O)Cl)O)(C)CC)/C	BGC0001398_MIBiGv3.1_phomopsin E
[H][C@@](CC(C)C)(NC(=O)[C@]([H])(CCC(N)=O)NC(=O)[C@]([H])(CC(N)=O)NC(=O)C[C@H](O)CCCCCCCCC)C=O	BGC0001399_MIBiGv3.1_fellutamide B
C[C@@H]1[C@]([C@H]([C@](O1)(C)/C=C(\C)/C=C/C=C/C=C/C2=C(C(=CC(=O)O2)OC)C)O)(C)O	BGC0001400_MIBiGv3.1_citreoviridin
CC[C@H]1C(=O)N[C@H](C(=O)N[C@H](CC(=O)N[C@H](C(=O)N2C[C@H]([C@H]([C@H]2C(=O)N1)Cl)Cl)CO)C3=CC=CC=C3)CO	BGC0001402_MIBiGv3.1_cyclochlorotine
CC[C@H]1C(=O)N[C@H](C(=O)N[C@H](CC(=O)N[C@H](C(=O)N2CC[C@H]([C@H]2C(=O)N1)Cl)CO)C3=CC=CC=C3)CO	BGC0001402_MIBiGv3.1_cyclochlorotine B
CC[C@H]1C(=O)N[C@H](C(=O)N[C@H](CC(=O)N[C@H](C(=O)N2CCC[C@H]2C(=O)N1)CO)C3=CC=CC=C3)CO	BGC0001402_MIBiGv3.1_cyclotine
CC[C@H]1C(=O)N[C@H](C(=O)N[C@H](CC(=O)N[C@H](C(=O)N2C[C@H]([C@H]([C@H]2C(=O)N1)Cl)Cl)C)C3=CC=CC=C3)CO	BGC0001402_MIBiGv3.1_deoxy-Cyclochlorotine
C[C@H]([C@H]1C(=O)N[C@H](C(=O)N[C@H](CC(=O)N[C@H](C(=O)N2C[C@H]([C@H]([C@H]2C(=O)N1)Cl)Cl)CO)C3=CC=CC=C3)CO)O	BGC0001402_MIBiGv3.1_hydroxycyclochlorotine A
CC1=CC2=C(C(=C1)OC)C(=O)C3(O2)C(=CC(=O)C=C3OC)C(=O)OC	BGC0001403_MIBiGv3.1_trypacidin
C/C=C/C=C/C(=O)C1=CC(=C(C(=C1O)C)O)C	BGC0001404_MIBiGv3.1_sorbicillin
[H][C@]12C(=O)O[C@H](C)[C@@H](C)[C@@]1(O)O[C@]1(C)C(=O)C(Cl)=C3C=C(OC=C3[C@]21[H])\C=C\[C@H](C)[C@@H](C)O	BGC0001405_MIBiGv3.1_11-epichaetomugilin A
CC[C@@H](C)\C=C\C1=CC2=C(Cl)C(=O)[C@@]3(C)OC(=O)C(C(=O)[C@@H](C)[C@@H](C)O)=C3C2=CO1	BGC0001405_MIBiGv3.1_chaetoviridin E
O=C(OC1=O)C2=C1[C@@H](CCC)[C@H](O)C(C[C@H](O)/C(C2)=C\C)=O	BGC0001436_MIBiGv3.1_cornexistin
CC(CCC1)C(C1C(/C=C/C)O2)C3=C2C(C4=CC=CC=C4)=CN(O)C3=O	BGC0001445_MIBiGv3.1_leporin B
CC(=O)CC(O)C1=C(O)C2=C(C=C1O)C(=O)C1=C(C(O)=CC(O)=C1)C2=O	BGC0001446_MIBiGv3.1_asparasone A
C[C@H]1C=C[C@H]2CCCC[C@@H]2[C@H]1C(=O)[C@H]3[C@H]4[C@@]5([C@@H](CCN5C3=O)C(=O)O4)O	BGC0001449_MIBiGv3.1_ucs1025a
CC(=C1CCC23C1CCC(C(C2)OC3)(C(=O)O)O)C	BGC0001475_MIBiGv3.1_aspterric acid
C[C@H]1CCC([C@@]12CCC(=CC2)C)C(C)(C)O	BGC0001481_MIBiGv3.1_α-acorenol
C[C@@H]1CC2=CC(=CC(=C2C(=O)O1)O)O	BGC0001489_MIBiGv3.1_6-hydroxymellein
[H][C@]12CC[C@@]3(C)[C@@]([H])(C=C(C)[C@@]4(C)C(=O)C(C)=C(O)[C@@]34C(=O)OC)[C@@]1(CC[C@H](OC(C)=O)C2(C)C)C=O	BGC0001508_MIBiGv3.1_andrastin A
CCC(C)C1=CN=C(C(=O)N1O)CC(C)C	BGC0001516_MIBiGv3.1_aspergillic acid
C1=CC=C(C=C1)C[C@@H](COC(=O)[C@H](CC2=CC=CC=C2)NC(=O)C3=CC=CC=C3)NC(=O)C4=CC=CC=C4	BGC0001517_MIBiGv3.1_asperphenamate
[H][C@@]12[C@@H](CC3=C(COC3=O)[C@@]1(COC(C)=O)CCC[C@]2(C)COC(C)=O)OC(=O)C1=CC=CC=C1	BGC0001518_MIBiGv3.1_astellolide A
COC1=C(C[C@H](C)O)C2=C3C(C[C@H](C)O)=C(OC)C(=O)C4=C3C3=C(OCOC5=C3C2=C(C(O)=C5)C1=O)C=C4O	BGC0001541_MIBiGv3.1_cercosporin
C[C@H](CC1=C(C(=C2C(=O)C=C3C4=C5C(=CC(=O)C6=C(C(=C(C(=C56)C1=C42)C[C@@H](C)O)OC)O)OCO3)O)OC)O	BGC0001542_MIBiGv3.1_cercosporin
COC1=C(C2=C(C(=C1)O)C(=O)C(=C(O2)C3=C(C(=CC=C3)Cl)O)OC)OC	BGC0001544_MIBiGv3.1_chlorflavonin
C[C@H](O)C1=NC2=C(C=CC=C2)C(=O)N1	BGC0001545_MIBiGv3.1_chrysogine
CC1=C[C@H]2[C@](C[C@H]3C4[C@]2(CC[C@@H](C4(C)C)OC(=O)C)C(=O)O3)([C@]5([C@@]1(C(=C(C5=O)C)O)C)C(=O)OC)C	BGC0001547_MIBiGv3.1_citreohybridonol
CON1C(=C)C2=C([C@H](O)[C@@H](O)[C@@H](O2)\C=C\C=C\C)C1=O	BGC0001563_MIBiGv3.1_curvupallide-B
C/C=C/C[C@@H](C)[C@H]([C@H]1C(=O)N[C@H](C(=O)N(CC(=O)N([C@H](C(=O)N[C@H](C(=O)N([C@H](C(=O)N[C@H](C(=O)N[C@@H](C(=O)N([C@H](C(=O)N([C@H](C(=O)N([C@H](C(=O)N1C)C(C)C)C)CC(C)C)C)CC(C)C)C)C)C)CC(C)C)C)C(C)C)CC(C)C)C)C)[C@@H](C)O)O	BGC0001565_MIBiGv3.1_cyclosporin C
C[C@]12[C@@H](CC(=O)C3=COC(=C31)C(=O)C4=C2C=CC5=C4CCC5=O)O	BGC0001571_MIBiGv3.1_demethoxyviridin
CN1CC(CC2C1CC3=CNC4=CC=CC2=C34)C(=O)O	BGC0001573_MIBiGv3.1_dihydrolysergic acid
COC12C3C(OC(C)=O)C4(COC(=O)C5=C(O)C=C(C)C(C3=O)=C45)C1C(=O)C1=COC(=O)C3=C1C2=C(C)C=C3O	BGC0001578_MIBiGv3.1_duclauxin
CC1=CC(=C2C(=C1)C(=O)C3=CC(=CC(=C3C2=O)O)O)O	BGC0001583_MIBiGv3.1_emodin
[H][C@]12NC3=C(C=CC=C3)C1([C@H](O)C13SS[C@@](CO)(N(C)C1=O)C(=O)N23)[C@]12[C@H](O)C34SS[C@@](CO)(N(C)C3=O)C(=O)N4[C@@]1([H])NC1=C2C=CC=C1	BGC0001585_MIBiGv3.1_melinacidin IV
C/C=C([C@H]1[C@@H](/C=C/C=C([C@@H](O)[C@H](CO)C)\C)[C@]2([H])CC=C(C)C[C@@]2([H])[C@H]3[C@]1(C)O3)\C	BGC0001600_MIBiGv3.1_fusarielin H
CC12[C@H](C=C[C@@]3([C@@H]1[C@@H]([C@]45[C@H]3CC[C@](C4)(C(=C)C5)O)C(=O)O)OC2=O)O	BGC0001604_MIBiGv3.1_gibberellin
C\C=C(/C)C1=CC=C(C)C(=O)O1	BGC0001606_MIBiGv3.1_gibepyrone-A
[H][C@@]12O[C@@]11C[C@@]34SSC(C5=CC=C(OC)C(OC)=C5O)[C@@]([H])(NC3=O)C(=O)N4O[C@@]1([H])[C@H](O)C=C2	BGC0001609_MIBiGv3.1_gliovirin
C[C@@H](CC(=O)NC(=O)C1=COC(\C=C\CCCCCCCCC(O)=O)=CC1=O)C(O)=O	BGC0001616_MIBiGv3.1_himeic acid A
CC(C[C@@H](C(=O)O)NC(=O)C1CC2=C([C@@H]3N1C(=O)[C@@H](N3)CC4=CNC5=CC=CC=C54)C(=O)C(=C(C2=O)O)OC)CO	BGC0001621_MIBiGv3.1_imizoquin A
COC1=C(C(=O)C2=C(C1=O)[C@H]3N[C@H](C(=O)N3C(C2)C(=O)N[C@@H](CC(CO)CO)C(=O)O)CC4=CNC5=CC=CC=C54)O	BGC0001621_MIBiGv3.1_imizoquin B
COC1=C(C2=C(CC(N3[C@@H]2N[C@H](C3=O)CC4=CNC5=CC=CC=C54)C(=O)N[C@@H](CC(CO)CO)C(=O)O)C(=C1O)O)O	BGC0001621_MIBiGv3.1_imizoquin C
COC1=C(C2=C(CC(N3C2=NC(=C3O)C=C4C=NC5=CC=CC=C54)C(=O)N[C@@H](CC(CO)CO)C(=O)O)C(=C1O)O)O	BGC0001621_MIBiGv3.1_imizoquin D
COC1=C(O)C=C2C[C@H](N(CC2=C1O)C(=O)[C@@H](N)CC1=CNC2=CC=CC=C12)C(=O)N[C@@H](CC(CO)CO)C(O)=O	BGC0001621_MIBiGv3.1_TMC-2A
COC1=C(O)C=C2C[C@H](N(CC2=C1O)C(=O)[C@@H](N)CC1=CNC2=C1C=CC=C2)C(=O)N[C@@H](CC(C)CO)C(O)=O	BGC0001621_MIBiGv3.1_TMC-2B
C1C2=CC=CC=C2C(=O)N1	BGC0001626_MIBiGv3.1_isoindolinone
CC1(CC2C1CCC(C3C2(CC3)C)(C)O)C	BGC0001642_MIBiGv3.1_koraiol
[H][C@@]12CC[C@H](C)[C@@]11[C@H](O)C[C@H](C)C1=C[C@@]1(C)CC[C@](C)(C[C@H](O)[C@H](O)[C@@](C)(O)CO)[C@@]21[H]	BGC0001659_MIBiGv3.1_mangicol A
OC1OC(=O)C(=C1CC1=CC=CC=C1)C1=CC=CC=C1	BGC0001668_MIBiGv3.1_microperfuranone
COC1=C(C\C=C(/C)CCC(O)=O)C(O)=C2C(=O)OCC2=C1C	BGC0001677_MIBiGv3.1_mycophenolic acid
CC(=O)NC(CC1=CNC2=C1C=CC=C2)C(O)=O	BGC0001679_MIBiGv3.1_N-Acetyltryptophan
[H][C@]12CC3=C(NC4=C3C=CC=C4)[C@]1(C)[C@@]1(C)CC[C@H](O)[C@@](C)(CC\C=C(/C)C(O)=O)[C@]1([H])CC2	BGC0001706_MIBiGv3.1_nodulisporic acid F
C[C@H]1CCC2[C@@]([C@]13C[C@]4([C@@H]([C@@H]5[C@H]6[C@](OC5=O)(O[C@@]4(O6)O3)C)C)C)(C=CC(=O)OC2(C)C)C=O	BGC0001708_MIBiGv3.1_novofumigatonin
COC1=C(O)C(C2=CNC3=CC=CC=C23)=C(OC)C(CC=C(C)C)=C1C1=CNC2=C1C=CC=C2	BGC0001712_MIBiGv3.1_ochrindole A
CO[C@@H]1[C@@]2(O)N(C(=O)\C3=C\C4=C(NC5=CC=CC=C45)C(C)(C)\C=C/N3C2=O)[C@]23[C@H](C)C(C)(C)N2C2=C(C=CC=C2)[C@]13O	BGC0001717_MIBiGv3.1_okaramine B
CO[C@@H]1[C@@]2(O)N(C(=O)\C3=C\C4=C(NC5=C4C=CC=C5)C(C)(C)\C=C/N3C2=O)[C@]23[C@H](CO)C(C)(C)N2C2=C(C=CC=C2)[C@]13O	BGC0001718_MIBiGv3.1_okaramine D
CC1=C(O)C(=O)C(=C(O)C1=O)C1=C(O)C(=O)C(C)=C(O)C1=O	BGC0001720_MIBiGv3.1_oosporein
CC(=CCC/C(=C/CC/C(=C/COC1=C(C=C2C(=C1O)CNC2=O)OC)/C)/C)C	BGC0001722_MIBiGv3.1_aspernidine A
[H][C@]12OC(=O)[C@]3(C)C[C@@]4([H])[C@H](C)C5=CC(=O)OC(C)(C)C5=C[C@]5([H])OC([C@H](C)O1)=C([C@]45C)[C@]23O	BGC0001729_MIBiGv3.1_paraherquonin
[H][C@]12C[C@@H](C)CC[C@]1([H])[C@](C)([C@@H](\C=C\C=C\C)C(C)=C2)C(\O)=C1\C(=O)[C@@H](CO)N(C)C1=O	BGC0001738_MIBiGv3.1_phomasetin
CCN1C(=O)\C2=C3/CO[C@](OC)([C@H]3O)[C@@H](O)CCCCC[C@@]12C	BGC0001741_MIBiGv3.1_phyllostictine A
CCN1C(=O)\C2=C3/CO[C@](OC)([C@H]3O)[C@@H](O)CCC[C@@]12C	BGC0001741_MIBiGv3.1_phyllostictine B
C\C=C\[C@H](O)[C@@H](O)\C=C\C1=CC=CC(O)=C1C=O	BGC0001749_MIBiGv3.1_epipyriculol
CC(C)C[C@@H]1NC(=O)[C@@H](NC(=O)[C@H](CC(C)C)OC(=O)[C@H](CC(C)C)NC(=O)[C@H](CC2=CC=CC=C2)NC1=O)C(C)C	BGC0001768_MIBiGv3.1_sansalvamide
[H][C@]12CC3=C(NC4=CC=C([C@H](O)C5OC5(C)C)C(CC=C(C)C)=C34)[C@]1(C)[C@@]1(C)CCC(=O)C(C)(C)[C@]1(O)CC2	BGC0001775_MIBiGv3.1_sespendole
[H][C@]12CC3=C(NC4=CC5=C(C=C34)[C@@H](O)[C@@]3([H])C5=CC(C)(C)OC3(C)C)[C@]1(C)[C@@]1(C)CC[C@@]34O[C@@]([H])(C(=O)C=C3[C@]1(O)CC2)C(C)(C)O4	BGC0001776_MIBiGv3.1_shearinine D
[H][C@]12CC3=C(NC4=CC5=C(C=C34)[C@@H](O)[C@@]3([H])C5=CC(C)(C)OC3(C)C)[C@]1(C)[C@@]1(C)CC[C@@]34O[C@@]([H])(C(=O)C=C3[C@]1(O)CC2)C(C)(C)O4	BGC0001777_MIBiGv3.1_shearinine D
C1C[C@H]([C@@H]2[C@@H]([C@@H](CN2C1)O)O)O	BGC0001793_MIBiGv3.1_swainsonine
C1C[C@H]([C@@H]2[C@@H]([C@@H](CN2C1)O)O)O	BGC0001794_MIBiGv3.1_swainsonine
C[C@]12C(=O)N3[C@@H]4[C@@](C[C@@]3(C(=O)N1C)SS2)(C5=CC=CC=C5N4)C67[C@@H]([C@]89C(=O)N([C@](C(=O)N8[C@H]6NC1=CC=CC=C71)(SS9)C)C)O	BGC0001820_MIBiGv3.1_verticillin
[H][C@]12CO[C@]3([H])[C@@]1([H])C(O[C@]1(C)C\C=C\C(C)(C)C\C=C(C)\CC[C@@]31[H])=C(O)C2=O	BGC0001827_MIBiGv3.1_xenovulene A
CC[C@H](C)C[C@H](C)\C=C\C(=O)O[C@@H]1C[C@]2(CCC(=C)[C@@H](OC(C)=O)[C@H](C)CC3=CC=CC=C3)O[C@@]1(C(O)=O)[C@@](O)([C@H](O2)C(O)=O)C(O)=O	BGC0001839_MIBiGv3.1_squalestatin S1
CC(C1C(C2=C(C(=C3C(=O)C=C(C4=C5C(=CC(=O)C6=C(C(=C1C(=C56)C2=C43)OC)O)OC)OC)O)OC)C(C)O)O	BGC0001865_MIBiGv3.1_elsinochrome C
COC1=C(C2=C(C(=C1)O)C(=C3C(=C2)C[C@H](OC3=O)CC(=O)OC)O)C4=C(C=C(C5=C4C=C6C[C@H](OC(=O)C6=C5O)CC(=O)OC)O)OC	BGC0001866_MIBiGv3.1_viriditoxin
CC(=O)C1=C([C@@H]2[C@@H]3[C@@H](CC4=C5C3=CNC5=CC=C4)C(N2C1=O)(C)C)O	BGC0001874_MIBiGv3.1_cyclopiazonic acid
CC1C/C=C/C2C(C(=C)C(C3C2(C(/C=C/C(C1)(C)O)OC(=O)C)C(=O)NC3CC4=CC=C(C=C4)OC)C)O	BGC0001881_MIBiGv3.1_pyrichalasin H
CCCC[C@@H](/C=C/C(=O)O[C@@H]1[C@H]([C@@H]([C@@](O[C@H]1C)(C)[C@H]([C@@H](C)C(=O)O)O)O)C)O	BGC0001892_MIBiGv3.1_botcinic acid
CC1=CC(=O)CC(C1(/C=C/C(=C\C(=O)O)/C)O)(C)C	BGC0001893_MIBiGv3.1_abscisic acid
CC1=CC(=O)CC(C1(/C=C/C(=C\C(=O)O)/C)O)(C)C	BGC0001899_MIBiGv3.1_abscisic acid
C/C(=C/C=C/C1=CC=CC=C1)/C(=C\OC)/C(=O)OC	BGC0001909_MIBiGv3.1_strobilurin A
C[C@@H]1CCC(=O)[C@@H]([C@@]1(C)/C=C/C(=C/CC2=C(C(=C(C(=C2O)Cl)C)C=O)O)/C)C	BGC0001923_MIBiGv3.1_ascochlorin
CC1=C(C(=C(C(=C1Cl)O)C/C=C(\C)/CC/C=C(\C)/[C@@H]2CC(=O)C(O2)(C)C)O)C=O	BGC0001924_MIBiGv3.1_ascofuranone
C[C@@H]1[C@@H](C2=C(C(=CC3=C2C[C@H]4[C@]5(C=CC(=O)C([C@@H]5C[C@@H]([C@@]4(O3)C)O)(C)C)C)O)C(=O)O1)O	BGC0001926_MIBiGv3.1_chrodrimanin B
CC1=C2CC3CC(C4(C(CC5=C(C=C(C(=O)C=C5O4)O)C)CC(/C=C/CC3(OC2=CC(=O)C(=C1)O)C)(C)C)C)O	BGC0001976_MIBiGv3.1_eupenifeldin
C[C@H]1CC(=O)C2=C(C3=C(C=CC(=C3O[C@]2([C@H]1OC(=O)C)C(=O)OC)C4=C(C5=C(C=C4C)O[C@]6([C@H](CCC(=O)C6=C5O)O)C(=O)OC)O)O)O	BGC0001988_MIBiGv3.1_neosartorin
CC(C)CC1=C([N+](=C(C(=[N+]1O)O)CC(C)C)O)O.[Fe].[Fe]	BGC0001989_MIBiGv3.1_pulcherrimin
[C-]#[N+]C(=C\C1=CC=C(OC)C=C1)/C(=C/C1=CC=C(OS(=O)(=O)O)C=C1)[N+]#[C-]	BGC0001990_MIBiGv3.1_BU-4704
COC1=CC=C(C=C1)C=C(C(=CC2=CC=C(C=C2)OS(=O)(=O)O)NC=O)NC=O	BGC0001990_MIBiGv3.1_fumiformamide
COC1=CC=C(C2=C(NC=O)C(NC=O)=CC3=CC(O)=C(O)C=C23)C=C1	BGC0001990_MIBiGv3.1_melanocin E
COC1=CC=C(CC2=C(CC3=CC=C(OS(=O)(=O)O)C=C3)N=C[NH]2)C=C1	BGC0001990_MIBiGv3.1_melanocin F
COC1=CC=C(C=C1)/C=C(/C(=C/C2=CC=C(C=C2)O)/[N+]#[C-])\[N+]#[C-]	BGC0001990_MIBiGv3.1_xanthocillin-X monomethylether
CC(C)C1CCC2(CO2)C3C1C=C(COC3=O)C(=O)O	BGC0001995_MIBiGv3.1_heptelidic acid
[H][C@]12C[C@@H](C)CC[C@]1([H])C(C)=C[C@@H](C2\C=C\C)C(=O)C1=C(O)C(=CNC1=O)C1=CC=C(O)C=C1	BGC0002035_MIBiGv3.1_8-epi-ilicicolin H
C/C=C/[C@@H]1[C@H]2C[C@H](CC[C@@H]2C(=C[C@H]1C(=O)C3=C(C(=CNC3=O)C4=CC=C(C=C4)O)O)C)C	BGC0002035_MIBiGv3.1_ilicicolin H
[H][C@]12CC[C@H](C)C[C@]1([H])C(\C=C\C)=C(C=C2C)C(=O)C1=C(O)C(=CNC1=O)C1=CC=C(O)C=C1	BGC0002035_MIBiGv3.1_ilicicolin J
CC1=CC2=C(C(=O)C3=C(C=CC=C3O)O2)[C@@H](C(=O)O)[C@H]1O	BGC0002062_MIBiGv3.1_agnestin A
C[C@]12CC3=C(C(=O)C4=C(C=CC=C4O)O3)[C@@H](C(=O)O1)[C@H]2O	BGC0002062_MIBiGv3.1_agnestin B
C[C@@]12[C@@H](O1)C(=O)C3=C(C4=C(C=CC(=C4O)C5=C(C6=C(C=C5)O[C@]7([C@H]([C@@]8([C@@H](O8)C(=O)C7=C6O)C)OC(=O)CC(=O)O)C)O)O[C@]3([C@H]2OC(=O)CC(=O)O)C)O	BGC0002063_MIBiGv3.1_cryptosporioptide A
CCC(C(=O)O)C(=O)O[C@H]1[C@@]2([C@@H](O2)C(=O)C3=C(C4=C(C=CC(=C4O)C5=C(C6=C(C=C5)O[C@]7([C@H]([C@@]8([C@@H](O8)C(=O)C7=C6O)C)OC(=O)CC(=O)O)C)O)O[C@@]13C)O)C	BGC0002063_MIBiGv3.1_cryptosporioptide B
CCC(C(=O)O)C(=O)O[C@H]1[C@@]2([C@@H](O2)C(=O)C3=C(C4=C(C=CC(=C4O)C5=C(C6=C(C=C5)O[C@]7([C@H]([C@@]8([C@@H](O8)C(=O)C7=C6O)C)OC(=O)C(CC)C(=O)O)C)O)O[C@@]13C)O)C	BGC0002063_MIBiGv3.1_cryptosporioptide C
CC=CCC(C)C(=O)C1=C(O)C(OC)=C(OC)[NH]C1=O	BGC0002066_MIBiGv3.1_harzianopyridone
CCC(C)CC(C)C(=O)C1=C(C(=C(NC1=O)OC)OC)O	BGC0002067_MIBiGv3.1_atpenin B
C/C=C/[C@@H]1[C@H]2C[C@H](CC[C@@H]2C(=C[C@H]1C(=O)C3=C(C(=CNC3=O)C4=CC=C(C=C4)O)O)C)C	BGC0002093_MIBiGv3.1_ilicicolin H
O=C1[C@@H]2O[C@](C3=C1)(OC2(C)C)CC[C@]([C@@]3(O)[C@@H](OC([C@H](CC(C)C)N)=O)C4)(C)[C@@]([C@]4([H])C5)(C)C6=C5C7=CC=CC=C7N6	BGC0002149_MIBiGv3.1_14-(leucyloxy)paspalinine
O=C1[C@@H]2O[C@](C3=C1)(OC2(C)C)CC[C@]([C@@]3(O)[C@@H](OC([C@H](CC(C)C)N(C)C)=O)C4)(C)[C@@]([C@]4([H])C5)(C)C6=C5C7=CC=CC=C7N6	BGC0002149_MIBiGv3.1_14-(N,N-dimethylleucyloxy)paspalinine
C[C@]12CC[C@]34C(=CC(=O)[C@H](O3)C(O4)(C)C)[C@@]1([C@H](C[C@@H]5[C@@]2(C6=C(C5)C7=CC=CC=C7N6)C)O)O	BGC0002149_MIBiGv3.1_14-hydroxypaspalinine
OC1C(O)C(C)OC(OC2=CC(OC)=CC3=CC(OC)=CC(OC)=C23)C1OC	BGC0002154_MIBiGv3.1_1-(alpha-l-(2-O-methyl)-6-deoxymannopyranosyloxy)-3,6,8-trimethoxynaphthalene
C1=C2C=C(C=C(C2=C(C=C1O)O)O)O	BGC0002154_MIBiGv3.1_1,3,5,8-tetrahydroxynapthalene
C/C=C(\C)C1=CC(OC)=C(C)C(=O)O1	BGC0002155_MIBiGv3.1_nectriapyrone
COC(C=C(/C(C)=C([H])/C)O1)=C(C)C1=O	BGC0002155_MIBiGv3.1_nectriapyrone C_modified
COC1=C(C)C(=O)OC(/C(C)=C/CO)=C1	BGC0002155_MIBiGv3.1_nectriapyrone D
CN1[C@H](C(=O)N2[C@H](C1=O)C[C@@]3([C@H]2NC4=CC=CC=C43)[C@@]56C[C@H]7C(=O)N([C@H](C(=O)N7[C@@H]5NC8=CC=CC=C68)CC9=CC=CC=C9)C)CC1=CC=CC=C1	BGC0002157_MIBiGv3.1_(-)-ditryptophenaline
CC[C@H](C)[C@H]1C(=C(C(=O)N1)C(=O)C)O	BGC0002158_MIBiGv3.1_tenuazonic acid
CC[C@H](C)[C@@H]1C(=O)N2CCC[C@H]2C(=O)N3CCC[C@H]3C(=O)N([C@H](C(=O)N[C@H](C(=O)O[C@@H]([C@@H](C(=O)N1)NC(=O)C)C)C(C)C)CC4=CC=C(C=C4)OC)C	BGC0002160_MIBiGv3.1_aspergillicin A
CC[C@@H](C)[C@@H]1C(=O)N2CCC[C@H]2C(=O)N3CCCC3C(=O)N([C@H](C(=O)N[C@H](C(=O)O[C@@H]([C@@H](C(=O)N1)NC(=O)C)C)[C@@H](C)CC)CC4=CC=C(C=C4)OC)C	BGC0002160_MIBiGv3.1_aspergillicin F
CC[C@@H]([C@@H]1C(N2CCC[C@H]2C(N3CCC[C@H]3C(N(C)[C@@H](CC4=CC=CC=C4)C(N[C@@H]([C@H](CC)C)C(O[C@H](C)[C@H](NC(C)=O)C(N1)=O)=O)=O)=O)=O)=O)C	BGC0002160_MIBiGv3.1_aspergillicin G
C1[C@@H](CC(=O)C2=C(C=C(C=C21)O)O)O	BGC0002161_MIBiGv3.1_scytalone
OC1=C2C(C=CC=C2O)=CC(O)=C1	BGC0002161_MIBiGv3.1_T3HN
C/C1=C\CC/C(C)=C([H])\CC/C(C)=C/C[C@](CC[C@@H]2C(C)C)(C)[C@@]2([H])CC1	BGC0002162_MIBiGv3.1_compound 5
C[C+]1CCC/C(C)=C(CC/C(C)=C/C[C@](C)([C@]2(CC1)[H])CC[C@@H]2C(C)C)/[H]	BGC0002162_MIBiGv3.1_compound 6
C/C1=C\C[C@]2([H])[C@@](CC[C@@H]2C(C)C)(C)C/C=C(C)/CC[C@]3([H])C(C)CC[C@@]13[H]	BGC0002162_MIBiGv3.1_compound 7a
C/C1=C2CCC(C)[C@]([H])\2CC[C+](C)C3C[C@](CC[C@@H]4C(C)C)(C)[C@@]4([H])CC13	BGC0002162_MIBiGv3.1_compound 8
C/C1=C2\CC[C@@H](C)[C@@H]2CC[C@H](C)[C@H]2C[C@@]3(C(=O)O)CC[C@H](C(C)C)[C@@H]3C[C@]12O	BGC0002162_MIBiGv3.1_sesterfisheric acid
C/C1=C2\CC[C@@H](C)[C@@H]2CC[C@H](C)[C@H]2C[C@@]3(C)CC[C@H](C(C)C)[C@@H]3C[C@]12O	BGC0002162_MIBiGv3.1_sesterfisherol
CC1=CN(C2=NC=NC3=C2[NH]C(=O)[NH]3)C=C1	BGC0002163_MIBiGv3.1_8-oxo-fusatin
CC(C)=CCNC1=NC=NC2=C1[NH]C(=O)[NH]2	BGC0002163_MIBiGv3.1_8-oxo-isopentenyladenine
CC1=CN(C2=NC=NC3=C2[NH]C=N3)C=C1	BGC0002163_MIBiGv3.1_fusatin
O=C(O)C1=CN(C2=NC=NC3=C2[NH]C=N3)C=C1	BGC0002163_MIBiGv3.1_fusatinic acid
CN1C(=CN2C=CC=C2C1=O)CCCN=C(N)N	BGC0002164_MIBiGv3.1_peramine
CC[C@@H](C)[C@@H]1[C@]([C@H]2[C@@H](C[C@@](C[C@@H]2C(=O)[C@@]1(C)O)(C)O)C)(C)C(=O)/C=C\O	BGC0002165_MIBiGv3.1_betaenone C
[H][C@]12[C@@](C[C@@H](C)C[C@H]2C)([H])[C@@H]3[C@@](C)(O3)[C@]([H])([C@H](C)CC)[C@]1(C)/C(O)=C/C([H])=O	BGC0002165_MIBiGv3.1_compound 3
[H][C@]12[C@@](C[C@](C)(O)C[C@H]2C)([H])C([C@@](C)(O)[C@]([H])([C@H](C)CC)[C@]1(C)C(/C=C\O)=O)=O	BGC0002165_MIBiGv3.1_compound 4
[H][C@@]1([C@@]23C)[C@@](C[C@](C)(O)C[C@H]1C)([H])C(O)(C(O)(C([C@H](C)CC)3C)C)/C(C2=O)=C/O	BGC0002165_MIBiGv3.1_compound 5
[H][C@]12[C@@](C[C@](C)(O)C[C@H]2C)([H])C([C@@](C)(O)[C@]([H])([C@H](C)CC)[C@]1(C)C(CCO)=O)=O	BGC0002165_MIBiGv3.1_compound 6
[H][C@]12[C@@](C[C@](C)(O)C[C@H]2C)([H])C([C@@](C)(O)[C@]([H])([C@H](CO)CC)[C@]1(C)C(/C=C\O)=O)=O	BGC0002165_MIBiGv3.1_compound 7
[H][C@]12[C@@](C[C@](C)(O)C[C@H]2C)([H])C([C@@](C)(O)[C@]([H])([C@H](CO)CC)[C@]1(C)C(CCO)=O)=O	BGC0002165_MIBiGv3.1_compound 9
[H][C@]12[C@@](C[C@@H](C)C[C@H]2C)([H])C=C(C)[C@]([H])([C@H](C)CC)[C@]1(C)C(CCO)=O	BGC0002165_MIBiGv3.1_dehydroprobetaenone I
CC[C@@H](C)[C@H]1C(=C[C@H]2C[C@H](C[C@H]([C@@H]2[C@@]1(C)C(=O)CCO)C)C)C	BGC0002165_MIBiGv3.1_probetaenone I
CC[C@@H](CO)[C@H]1[C@](C)(O)[C@@]2(O)/C(=C/O)C(=O)[C@]1(C)[C@@H]1[C@@H]2C[C@](C)(O)C[C@H]1C	BGC0002165_MIBiGv3.1_stemphyloxin II
CN(C(C1CCC=N1)=O)C(CCCNC(N)=N)C=O	BGC0002166_MIBiGv3.1_intermediate 1
CN1C(CCCNC(N)=N)C=[N+]2C=CCC2C1=O	BGC0002166_MIBiGv3.1_intermediate 2
CN1C(=CN2C=CC=C2C1=O)CCCN=C(N)N	BGC0002166_MIBiGv3.1_peramine
OC1=CC=C(C=C1)CC(O)CO	BGC0002167_MIBiGv3.1_3-(p-hydroxyphenyl)-1,2-propanediol
C1=CC(=CC=C1CC2=CN=C(C=N2)CC3=CC=C(C=C3)O)O	BGC0002167_MIBiGv3.1_actinopolymorphol C
OC1=CC=C(CC2=NC=C(CC3=CC=C(O)C=C3)N=C2S(=O)([O-])=O)C=C1	BGC0002167_MIBiGv3.1_C-3 sulfonylated derivative
OC1=CC=C(C[C@]2(O)CN[C@@H](CC3=CC=C(O)C=C3)CO2)C=C1	BGC0002167_MIBiGv3.1_morpholine containing hemiacetal piperazine compound
OC1=CC=C(CC2=[N+]([O-])C=C(CC3=CC=C(O)C=C3)[N+]([O-])=C2)C=C1	BGC0002167_MIBiGv3.1_N,N-dioxide containing derivate
OC1=CC=C(CC2=CN=C(CC3=CC=C(OS(=O)([O-])=O)C=C3)C=N2)C=C1	BGC0002167_MIBiGv3.1_O-sulfonated actinopolymorphol C
OC1=CC=C(C[C@H]2CN[C@@H](CC3=CC=C(O)C=C3)CN2)C=C1	BGC0002167_MIBiGv3.1_piperazine compound 1
OC1=CC=C(C[C@@H]2CN[C@@H](CC3=CC=C(O)C=C3)CN2)C=C1	BGC0002167_MIBiGv3.1_piperazine compound 2
CC(/C=C/C=C(\C)[C@H](O)[C@H](C)C(=O)O[C@H]1C[C@H](C)C=C2C=C[C@@]3(C)O[C@@H](O)CC(=O)[C@]3(C)[C@H]21)=C\C=C\C(=O)O	BGC0002168_MIBiGv3.1_calbistrin A
C[C@@H]1C[C@@H]([C@H]2C(=C1)C=C[C@@]([C@]2(C)C(=O)CCO)(C)O)OC(=O)C(C)C(/C(=C/C=C/C(=C/C=C/C(=O)O)/C)/C)O	BGC0002168_MIBiGv3.1_calbistrin C
C[C@H]1C[C@@H]([C@H]2C(=C1)C=C[C@@]([C@]2(C)C(=O)CCO)(C)O)O	BGC0002168_MIBiGv3.1_decumbenone a
C[C@@H]1C[C@@H]2C=C[C@@]([C@]([C@H]2[C@H](C1)O)(C)C(=O)CCO)(C)O	BGC0002168_MIBiGv3.1_decumbenone B
C[C@H]1C[C@@H]([C@@H]2[C@@]([C@](C=C[C@]2(C1)O)(C)O)(C)C(=O)CCO)O	BGC0002168_MIBiGv3.1_decumbenone c
OC(/C=C/C=C(\C=C\C=C([C@@H](O)[C@H](C(O)=O)C)/C)C)=O	BGC0002168_MIBiGv3.1_dioic acid moiety
C/C=C(\C=C(C)\C=C\C=C\C=C(/C)C(=O)[C@H]1C[C@H](CO)NC1=O)C(=O)OC	BGC0002169_MIBiGv3.1_acurin A
C[C@H]([C@@H](/C=C/C=C/C=C/C=C/C(C)=C/C(C)=C/CC)OC(C1)=O)C1=O	BGC0002170_MIBiGv3.1_4-methyl-5-dimethyltetradecahexaene-β-ketolactone
C\C=C\C=C\C=C(/C)C1OC(=O)CC(=O)C1C	BGC0002170_MIBiGv3.1_4-methyl-5-methylheptatriene-β-ketolactone
CC(C)C[C@@H](C1=CC(=CC(=O)O1)OC)NC(=O)C	BGC0002171_MIBiGv3.1_campyrone B
CC(=O)N[C@@H](CC1=CC=CC=C1)C2=CC(=CC(=O)O2)OC	BGC0002171_MIBiGv3.1_pyrophen
CC[C@H](C)[C@@H](CC(=O)[C@H](C)NC(=O)CCCN)C(=O)N[C@H](CO)C(=O)N[C@@H](C(=O)N[C@H](CO)C(=O)N[C@H](CC(C)C)C(=O)N[C@H](CO)CC(C)C)C(C)C	BGC0002172_MIBiGv3.1_fusaoctaxin A
C[C@]12CC[C@H](C(C)(C)O)[C@@H]1CC[C@@]3([C@@H]2CC[C@@H]4[C@]5(CC[C@@H](C(C)([C@@H]5CC[C@]43C)C)O)C)C	BGC0002173_MIBiGv3.1_21-β-H-hopane-3beta, 22-diol
C[C@]12CC[C@H](C(C)(C)C(O)=O)[C@@H]1CC[C@@]3([C@@H]2CC[C@@H]4[C@]5(CC[C@@H]([C@](CO)([C@@H]5CC[C@]43C)C)O)C)C	BGC0002173_MIBiGv3.1_compound 3
C[C@@](O)(C(=O)O)[C@H]1CC[C@@]2(C)[C@H]1CC[C@]1(C)[C@@H]2CC[C@@H]2[C@@]3(C)CC[C@H](O)[C@](C)(CO[C@H]4O[C@H](CO)[C@@H](O)[C@H](O)[C@H]4O)[C@@H]3CC[C@]21C	BGC0002173_MIBiGv3.1_fumihopaside A
CC1(O)CC(=O)C2=C(O)C3=C(O)C=C(O)C=C3C=C2O1	BGC0002175_MIBiGv3.1_YWA1
CC1(CCCC2(C3C1[C@@H](C2(CC3)C)O)C)C	BGC0002176_MIBiGv3.1_(+)-juniperol(longiborneol)
CC1=C[C@@H]2[C@]([C@@H](C1=O)O)([C@]3(C[C@H]([C@H]([C@@]34CO4)O2)O)C)COC(=O)C	BGC0002176_MIBiGv3.1_15-acetyldeoxynivalenol
CC1(C)CCCC2(C)C3C(O)CC2(C)C(O)C31	BGC0002176_MIBiGv3.1_culmorin
CC1=CC(=C2C(=CC3=C(C(=O)C=C(C3=C2O)O)C4=C5C=C6C(=C(C=C(O6)C)O)C(=C5C(=CC4=O)O)O)O1)O	BGC0002177_MIBiGv3.1_ustilaginoidin A
C[C@H]1[C@@H](OC2=C(C1=O)C(=C3C(=C2)C(=C(C=C3O)O)C4=C(C=C(C5=C(C6=C(C=C54)O[C@H]([C@@H](C6=O)C)C)O)O)O)O)C	BGC0002177_MIBiGv3.1_ustilaginoidin D
CC1CC(=O)C2=C(O1)C=C3C(=C2O)C(=CC(=C3C4=C(C=C(C5=C(C6=C(C=C54)OC(C(C6=O)C)C)O)O)O)O)O	BGC0002177_MIBiGv3.1_ustilaginoidin E
CC1CC(=O)C2=C(O1)C=C3C(=C2O)C(=CC(=C3C4=C(C=C(C5=C(C6=C(C=C54)OC(CC6=O)C)O)O)O)O)O	BGC0002177_MIBiGv3.1_ustilaginoidin F
CC1CC(=O)C2=C(O1)C=C3C(=C2O)C(=CC(=C3C4=C5C=C6C(=C(C=C(O6)C)O)C(=C5C(=CC4=O)O)O)O)O	BGC0002177_MIBiGv3.1_ustilaginoidin G
C[C@@H]1[C@H](OC2=C(C1=O)C(=C3C(=C2)C(=C(C=C3O)O)C4=C5C=C6C(=C(C(=C(O6)C)C)O)C(=C5C(=CC4=O)O)O)O)C	BGC0002177_MIBiGv3.1_ustilaginoidin M
C[C@@H]1[C@H](OC2=C(C1=O)C(=C3C(=C2)C(=C(C=C3O)O)C4=C5C=C6C(=C(C=C(O6)C)O)C(=C5C(=CC4=O)O)O)O)C	BGC0002177_MIBiGv3.1_ustilaginoidin N
CC1CC(=O)C2=C(O1)C=C3C(=C2O)C(=CC(=C3C4=C5C=C6C(=C(C(=C(O6)C)C)O)C(=C5C(=CC4=O)O)O)O)O	BGC0002177_MIBiGv3.1_ustilaginoidin O
CCCCCCCC[C@H]1C(=O)N[C@H]2CSSC[C@@H](C(=O)OC(=O)CC[C@@H](C(=O)N[C@H](C(=O)N[C@H](C(=O)N[C@H](C(=O)N1)CC(C(=O)N)O)CO)CC(C)C)N)NC2=O	BGC0002178_MIBiGv3.1_gramillin A
CCCCCCCC[C@H]1C(=O)N[C@H]2CSSC[C@@H](C(=O)OC(=O)CCC[C@@H](C(=O)N[C@H](C(=O)N[C@H](C(=O)N[C@H](C(=O)N1)CC(C(=O)N)O)CO)CC(C)C)N)NC2=O	BGC0002178_MIBiGv3.1_gramillin B
C[C@@H]1[C@H](O1)[C@H]2[C@H](C=CC(=O)O2)OC(=O)C	BGC0002180_MIBiGv3.1_(+)-asperlin
OC(/C=C\C=C/C=C/C)=O	BGC0002180_MIBiGv3.1_(2Z,4Z,6E)-octa-2,4,6-trienoic acid
C=C[C@]1(C)C[C@@H](OC(=O)CO)[C@]2(C)[C@@H](C)CC[C@]3(CCC(=O)[C@H]32)[C@@H](C)[C@@H]1O	BGC0002181_MIBiGv3.1_pleuromutilin
CC/C=C/C=C/C1(C(=O)C(=C(O1)OC)C(=O)/C=C/C)C	BGC0002185_MIBiGv3.1_gregatin A
CCCCCCC(C)CC/C=C(\C)/C=C/C(=O)C(C)CCC1C(C(=O)NC(=C)C(=O)NCC(C(=O)NC(C(=O)O1)CCC(=O)N)C)C	BGC0002186_MIBiGv3.1_fusaristatin A
C[C@@H]1C/C=C/CC/C=C/C(=O)CC2=C(C(=O)O1)C(O)=CC(O)=C2	BGC0002187_MIBiGv3.1_monocillin II
C[C@@H]1C/C=C/CCCCC(=O)CC2=CC(=CC(=C2C(=O)O1)O)O	BGC0002187_MIBiGv3.1_monocillin IV
C[C@@H]1C[C@H]2O[C@@H]2CCCCC(=O)CC2=C(C(=O)O1)C(O)=CC(O)=C2	BGC0002187_MIBiGv3.1_monocillin V
C[C@H]1OC(=O)C2=C(C=C(O)C=C2O)CC(=O)CCCC/C=C/[C@@H]1O	BGC0002187_MIBiGv3.1_monocillin VI
C[C@@H]1CC=CC[C@H](O)C=CC2=C(C(=O)O1)C(O)=CC(O)=C2	BGC0002187_MIBiGv3.1_monocillin VII
CC1C/C=C/CC/C=C/C(=O)CC2=C(C(=O)O1)C(O)=CC(O)=C2Cl	BGC0002187_MIBiGv3.1_monorden D
C[C@@H]1C[C@H](/C=C/CCCC(=O)CC2=C(C(=CC(=C2Cl)O)O)C(=O)O1)O	BGC0002187_MIBiGv3.1_pochonin M
CCCCCCCCCC[C@@H](C)[C@@H]1CC(=O)N[C@H]([C@@H](C)O)C(=O)N[C@@H](C)C(=O)N[C@H](C)C(=O)N[C@@H](CCC(N)=O)C(=O)N[C@H](CC2=CC=C(O)C=C2)C(=O)N[C@@H](C(C)C)C(=O)O1	BGC0002188_MIBiGv3.1_W493 A
CCCCCCCCCC[C@@H](C)[C@@H]1CC(=O)N[C@H]([C@@H](C)O)C(=O)N[C@@H](C)C(=O)N[C@H](C)C(=O)N[C@@H](CCC(N)=O)C(=O)N[C@H](CC2=CC=C(O)C=C2)C(=O)N[C@@H]([C@@H](C)CC)C(=O)O1	BGC0002188_MIBiGv3.1_W493 B
C/C=C/CCC(=O)C1=CC(=C(C(=C1O)C)O)C	BGC0002190_MIBiGv3.1_2'3'-dihydrosorbicillin
C/C=C/CCC(C1=C[C@](C)(O)C(C(C)=C1O)=O)=O	BGC0002190_MIBiGv3.1_2'3'-dihydrosorbicillinol
C/C=C/C=C/C(=C/1\[C@@H]2[C@@H]3[C@](C(=C(C(=O)[C@@]3([C@](C1=O)(C(=O)[C@@]2(C)O)C)C(=O)/C=C/C=C/C)C)O)(C)O)/O	BGC0002190_MIBiGv3.1_bisorbicillinol
C/C=C/C=C/C(=C/1\[C@@H]2[C@@]3(C(=O)/C(=C(\C=C\C=C\C)/O)/C(=O)[C@]([C@]3(O[C@@]2(C(=O)C(=C1O)C)C)O)(C)O)C)/O	BGC0002190_MIBiGv3.1_bisvertinolone (spelled bisvertinolon in paper)
C/C=C/CCC(=O)C1=C([C@]2([C@H]3/C(=C(\C=C\C=C\C)/O)/C(=C(C(=O)[C@]3(O[C@]2([C@@](C1=O)(C)O)O)C)C)O)C)O	BGC0002190_MIBiGv3.1_dihydrobisvertinolone
C/C=C/C=C/C(=C\1/C(=C(C(=O)[C@@](C1=O)(C)O)C)O)/O	BGC0002190_MIBiGv3.1_oxosorbicillinol
C/C=C/C=C/C(=O)C1=CC(=C(C(=C1O)C)O)C	BGC0002190_MIBiGv3.1_sorbicillin
C/C=C/C=C/C(=O)C1=C[C@](C(=O)C(=C1O)C)(C)O	BGC0002190_MIBiGv3.1_sorbicillinol
C/C=C/CCC(=O)C1=C(C(=C([C@@]2([C@H]1[C@@]3(C(=C(C(=O)[C@]([C@@]3(O2)O)(C)O)C(=O)CC/C=C/C)O)C)C)O)C)O	BGC0002190_MIBiGv3.1_tetrahydrobisvertinolone
CC1=CC=C(OC1=O)/C(=C/C(=O)O)/C	BGC0002191_MIBiGv3.1_gibepyrone D
C/C(=C\C(=O)O)/C1=CC=C(C(=O)O1)CO	BGC0002191_MIBiGv3.1_prolipyrone B
CC1CC(C2=C(C1)C=CC(=C2/C=C/C(CC(CC(=O)O)O)O)C)OC(=O)C	BGC0002192_MIBiGv3.1_FR901512
C1=CC=C(C=C1)CC2(OC(=CC3=CC=CC=C3)C(=O)O2)C(=O)O	BGC0002193_MIBiGv3.1_phenguignardic acid
CCC(C)CC(C)/C=C(/C=C(/C)\C=C\C=C\C=C\C=C\C=C\C1=CC(=C(C(=O)O1)[C@H]2[C@@H]([C@H]([C@H]([C@H](O2)CO)O)O)O)O)\C(=O)O	BGC0002194_MIBiGv3.1_epipyrone A
O=C1C=C(CO)OC=C1O	BGC0002195_MIBiGv3.1_kojic acid
CC[C@H]1CC/C(=C\2/C(=O)[C@H](OC2=O)C)/O1	BGC0002197_MIBiGv3.1_terrestric acid
NC1=CC=CC=C1C(=O)N[C@H]1CC(=O)C2=CC=CC=C2NC1=O	BGC0002198_MIBiGv3.1_nanangelenin B
NC1=C(C=CC=C1)C(=O)NC1CC(=O)C2=CC=CC=C2NC1=O	BGC0002198_MIBiGv3.1_terreazepine
CC1(C)CC[C@@H](O)[C@@]2(C)[C@H]1[C@H](O)C=C1COC(=O)[C@@]12O	BGC0002199_MIBiGv3.1_nanangelenin A
C[C@@H]1[C@@H]2[C@H](NC(=O)[C@]23[C@@H](C=C1C)[C@H]4[C@@H](CC3=O)[C@@H]5[C@H](CC[C@]4(O5)C)O)CC(C)C	BGC0002204_MIBiGv3.1_aspergillin PZ
C[C@H]1[C@H]2[C@@H](NC(=O)[C@@]23[C@@H](/C=C(/CC[C@@H]([C@H](/C=C/C3=O)O)O)\C)C=C1C)CC(C)C	BGC0002204_MIBiGv3.1_aspochalasin C
CC1=CC2/C=C(\C)CCC(O)C(O)C(O)CC(=O)C23C(=O)NC(CC(C)C)C3C1C	BGC0002204_MIBiGv3.1_aspochalasin E
C[C@H]1[C@H]2[C@@H](NC(=O)[C@@]23[C@@H](/C=C(\CCC(=O)[C@H](CCC3=O)O)/C)C=C1C)CC(C)C	BGC0002204_MIBiGv3.1_aspochalasin M
CO[C@@H]1CC(=O)[C@@]23C(=O)N[C@@H](CC(C)C)[C@@H]2[C@H](C)C(C)=C[C@@H]3/C=C(\C)CC[C@@H](O)[C@H]1O	BGC0002204_MIBiGv3.1_flavichalasine F
CC1=C[C@@H]2/C=C(\C)CC[C@@H](O)[C@@H](O)CCC(=O)[C@]23C(=O)N[C@@H](CC(C)C)[C@@H]3[C@@H]1C	BGC0002204_MIBiGv3.1_flavichalasine G
C[C@H]1[C@H]2[C@@H](NC(=O)[C@@]23[C@@H](/C=C(\CCCC(/C=C\C3=O)O)/C)C=C1C)CC(C)C	BGC0002204_MIBiGv3.1_TMC-169
CC1=C[C@H]2C=C(C)[C@@H](C)[C@H]3[C@H](CC(C)C)NC(=O)[C@@]23C(=O)CCC(=O)C[C@@H](CO)C1	BGC0002205_MIBiGv3.1_phomacin D
CC1=C[C@H]2C=C(C)[C@@H](C)[C@H]3[C@H](CC(C)C)NC(=O)[C@@]23C(=O)CC(=O)C(=O)C[C@@H](CO)C1	BGC0002205_MIBiGv3.1_phomacin E
O=C1C(C)(OC(CC(C)O)=O)C(C(C2OC(/C=C/C=C/C)=C3)(O2)C3=C1)=O	BGC0002206_MIBiGv3.1_compound 1
O=C1C(C)(OC(CC(C)O)=O)C(C(C(O)OC(/C=C/C=C/C)=C2)(O)C2=C1)=O	BGC0002206_MIBiGv3.1_compound 4
C/C=C/C=C/C1=CC2=C(CO1)C(=O)[C@]([C@@H](C2)O)(C)O	BGC0002206_MIBiGv3.1_harziphilone
O[C@@H]1[C@@](C)(O)C(C(COC(/C=C/C=C/C)=C2)=C2C1)=O	BGC0002206_MIBiGv3.1_isoharziphilone-1
O=C1[C@](C)(O)[C@@H](O)C(COC(/C=C/C=C/C)=C2)C2=C1	BGC0002206_MIBiGv3.1_isoharziphilone-2
C/C=C/C=C/C1=CC2=CC(=O)[C@](C(=O)C2=CO1)(C)OC(=O)[C@H](C)O	BGC0002206_MIBiGv3.1_t22azaphilone
CN(C)CCC1=CNC2=C1C(=CC=C2)OP(=O)(O)O	BGC0002207_MIBiGv3.1_psilocybin
CC[C@H](C)C1=C2N=C3OC=CC=C[C@]3(OC)C(=O)N2[C@@H](CC2=CC=CC=C2)C(=O)N1	BGC0002208_MIBiGv3.1_oxepinamide F
COC1=C(CO)C(O)=C(C=O)C(CCO)=C1	BGC0002209_MIBiGv3.1_ustethylin A
CCC/C=C/C1=C(OC)C(=O)C2=C(O1)[C@@H](O)NC2=O	BGC0002210_MIBiGv3.1_pyranoviolin A
O=C(OC1=O)C2=C1[C@@]([C@H](O)CCCC)([H])CC(C(OC3=O)=O)=C3[C@H](CCCC)C2	BGC0002222_MIBiGv3.1_zopfiellin
CCCCCC1CC2=C(CC(O)(CCCC)CC3=C1C(=O)OC3=O)C(=O)OC2=O	BGC0002223_MIBiGv3.1_scytalidin
O=C(OC1=O)C2=C1[C@@]([C@H](O)CCCC)([H])CC(C(OC3=O)=O)=C3[C@H](CCCC)C2	BGC0002224_MIBiGv3.1_zopfiellin
CCC1=CC(=O)[C@@]2(C1=CC=C(C[C@@H]2OC(=O)[C@@H]3CCCN3)C)C	BGC0002225_MIBiGv3.1_aculene A
CCC1=CC(=O)[C@@]2([C@@H]1CC=C(C[C@@H]2OC(=O)[C@@H]3CCCN3)C)C	BGC0002225_MIBiGv3.1_aculene B
CCC1=CC(=O)[C@@]2(C1=CC=C(C[C@@H]2O)C)C	BGC0002225_MIBiGv3.1_aculene C
CCC1=CC(=O)[C@@]2([C@@H]1CC=C(C[C@@H]2O)C)C	BGC0002225_MIBiGv3.1_aculene D
C/C(=C\1/CC[C@@]2([C@@H]1CC=C(C[C@@H]2O)CO)C)/C(=O)O	BGC0002225_MIBiGv3.1_asperaculane A
CCC1=CC(=O)[C@@]2([C@@H]1CC=C(C[C@@H]2O)CO)C	BGC0002225_MIBiGv3.1_asperaculane B
[H][C@]12NC3=CC=CC=C3[C@@]1(C(C)(C)C=C)CC4C2C([C@@H](CC5=CC=CC=C5)OC4=O)=O	BGC0002226_MIBiGv3.1_acu-dioxomorpholine A
C=CC(C)(C)[C@]12C[C@@H]3C(=O)O[C@H](CC4=CC=CC=C4)C(=O)N3[C@H]1N(C)C1=CC=CC=C12	BGC0002226_MIBiGv3.1_acu-dioxomorpholine B
O[C@H](CCCCCCCC/C=C/CCC[C@H]1C)C/C=C/[C@@H](O)C/C=C/C(O1)=O	BGC0002227_MIBiGv3.1_AKML A
O[C@H](CCCCCCCC/C=C/CCC[C@H]1C)[C@H](O)[C@@H](O2)[C@H]2[C@@H](O)C/C=C/C(O1)=O	BGC0002227_MIBiGv3.1_AKML B
O[C@H](CCCCCCCC/C=C/CCC[C@H]1C)C/C=C/[C@@H](OP(OCCN)(O)=O)C/C=C/C(O1)=O	BGC0002227_MIBiGv3.1_AKML C
C[C@@H]1CCC/C=C/CCCCCCCC[C@@H](O)[C@H](O)[C@H]2O[C@H]2[C@@H](OP(=O)(O)OCCN)C/C=C/C(=O)O1	BGC0002227_MIBiGv3.1_AKML D
O[C@@H](C/C=C/C(O1)=O)/C=C/CCCCCCCCCCCCCCC[C@H]1C	BGC0002228_MIBiGv3.1_CIML A
O[C@@H](C/C=C/C(O1)=O)[C@@H]2[C@H](O2)[C@H](O)CCCCCCCCCCCCCC[C@H]1C	BGC0002228_MIBiGv3.1_CIML B
O=C(O1)/C=C/C[C@H](OP(OCC[N+](C)(C)C)(O)=O)/C=C/CCCCCCCCCCCCCCC[C@H]1C	BGC0002228_MIBiGv3.1_CIML C
C[C@@H]1CCCCCCCCCCCC[C@H](O)[C@H]2O[C@@H]2[C@@H](OP(=O)(O)OCC[N+](C)(C)C)C=CC=C(O)O1	BGC0002228_MIBiGv3.1_CIML D
CCC1=CC(=O)[C@@]2(C1=CC=C(C[C@@H]2OC(=O)C3CCCN3C(=O)CC4COC(CC4=O)O)C)C	BGC0002229_MIBiGv3.1_aculin A
C/C=C/C[C@H](C)C[C@H](C)C(=O)C1=C(O)C(C2=CC=C(O)C=C2)=CNC1=O	BGC0002230_MIBiGv3.1_tolypyridone C
C[C@@]1(C(=O)N2[C@H](C(=O)N3CCC[C@H]3[C@@]2(O1)O)CC4=CC=CC=C4)NC(=O)[C@H]5CN([C@@H]6CC7=CNC8=CC=CC(=C78)C6=C5)C	BGC0002232_MIBiGv3.1_ergotamine
CCCCC/C=C/C=C/C=C/C1=C(CO)[C@@H](O)[C@H]2O[C@H]2[C@@H]1O	BGC0002233_MIBiGv3.1_trichoxide
CCCCCCCC1=C(O)C=C(CC=C(C)C)C(O)=C1C=O	BGC0002234_MIBiGv3.1_flavoglaucin
O=C1OC(C[C@@H](O)C)=CC2=CC(OC)=CC(OC)=C21	BGC0002236_MIBiGv3.1_8-methyldiaporthin
COC1=CC(=C2C(=C1)C=C(OC2=O)C[C@H](C(Cl)Cl)O)O	BGC0002237_MIBiGv3.1_dichlorodiaporthin
COC1=C(O)C=CC(C(=O)C(C)O)=C1	BGC0002238_MIBiGv3.1_2,4'-dihydroxy-3'-methoxypropiophenone
C[C@@H]1C[C@@H]([C@H]2[C@@H]3[C@@H]4[C@H]([C@@H](C=C([C@@H]4[C@@]2(C1)C)C)C=C)C(=O)C5=C[C@](CC6=CC=C(O3)C=C6)(NC5=O)O)C	BGC0002239_MIBiGv3.1_pyrrocidine A
C[C@@H]1C[C@@H]([C@H]2[C@@H]3[C@@H]4[C@H]([C@@H](C=C([C@@H]4[C@@]2(C1)C)C)C=C)C(=O)[C@@H]5C[C@](CC6=CC=C(O3)C=C6)(NC5=O)O)C	BGC0002239_MIBiGv3.1_pyrrocidine B
C/C=C/C(O)C/C=C/C=C/C=C\C(=O)O	BGC0002240_MIBiGv3.1_BAA
C/C=C/C(O)C/C=C/C=C/C=C/C(=O)O	BGC0002240_MIBiGv3.1_BAB
C[C@@H]1C(=O)N[C@@](C2=NC3=C(C=CC=CO3)C(=O)N12)(CC4=CC=CC=C4)O	BGC0002242_MIBiGv3.1_oxepinamide D
Cc1cc(O)c(Oc2c(C(OC3)=O)c(OC)c(/C=C/C(C)(O)C)cc2)c3c1	BGC0002244_MIBiGv3.1_1,2-dehydropenicillide
Cc1cc(O)c(Oc2c(C(OC3)=O)c(OC)c(C4C(O4)C(C)=C)cc2)c3c1	BGC0002244_MIBiGv3.1_1,2-epoxy-3,4-didehydropenicillide
Cc1cc(O)c(Oc2c(C(OC3)=O)c(OC)c(/C=C/C(C)(OC)C)cc2)c3c1	BGC0002244_MIBiGv3.1_3-methoxy-1,2-dehydropenicillide
CC1=CC(=C2C(=C1)COC(=O)C3=C(O2)C=CC(=C3OC)[C@@H]([C@H](C(=C)C)O)O)O	BGC0002244_MIBiGv3.1_pestalotiollide B
C=C(C)[C@@H](O)[C@@H](O)C1=C(OC)C2=C(C=C1)OC1=C(C=C(C)C=C1O)COC2=O	BGC0002244_MIBiGv3.1_pestalotiollide C
CC(C)[C@@H]1CC[C@@]2(C)C/C=C(C)/CC/C=C(C)/CC[C@H](O)/C(C)=C/CC21	BGC0002245_MIBiGv3.1_preterpestacin 1
C[C@H](CO)C1CC[C@@]2(C)C/C=C(C)/CC/C=C(C)/CC[C@H](O)/C(C)=C/CC21	BGC0002245_MIBiGv3.1_preterpestacin 2
C[C@H](CO)C1[C@@H](O)[C@@H](O)[C@@]2(C)C/C=C(C)/CC/C=C(C)/CC[C@H](O)/C(C)=C/CC21	BGC0002245_MIBiGv3.1_preterpestacin 3
C/C/1=C/CC/C(=C\C[C@]2([C@H](C/C=C(\[C@H](CC1)O)/C)C(=C(C2=O)O)[C@H](C)CO)C)/C	BGC0002245_MIBiGv3.1_terpestacin
C=C1C(=O)[C@H](OC(C)=O)/C=C(/C)[C@@H](O)[C@@H](O)[C@H]2[C@@H]1CC2(C)C	BGC0002246_MIBiGv3.1_naematolin
C[C@@H]1CC[C@@H]2[C@]3(C)OC4(C)CC(OC(=O)[C@@H]5CCC(C)(C)CN5)[C@@]21C[C@@H]4[C@@H]3NCCCCCN(C)C	BGC0002248_MIBiGv3.1_flavunoidine
C[C@H]1C[C@@H](O)C[C@@H](O)C/C=C/[C@@H](O)C/C=C/[C@@H](O)C[C@@H](O)C[C@@H](O)C/C=C/C=C/C=C/C=C/C=C/C=C/CCC(=O)O1	BGC0002249_MIBiGv3.1_phaeospelide A
C=C1C(=O)C2(C(=O)N1OC)/C(=C\CC)C=CC(=O)[C@H]2O	BGC0002250_MIBiGv3.1_triticone A
C=C1C(=O)[C@@]2(C(=O)N1OC)/C(=C\CC)C=CC(=O)[C@H]2O	BGC0002250_MIBiGv3.1_triticone B
CC/C=C1C=CC([C@@H](O)C/12C(C(N(OC)C2=O)=C)O)=O	BGC0002250_MIBiGv3.1_triticone C
CC/C=C1C=CC([C@@H](O)C/12C([C@](N(OC)C2=O)(C)O)O)=O	BGC0002250_MIBiGv3.1_triticone F
C[C@@H]1CC2=CC3=CC(=CC(=C3C(=C2C(=O)O1)O)O)OC	BGC0002253_MIBiGv3.1_(+)-semivioxanthin
C[C@@H]1CC2=CC3=CC(=CC(=C3C(=C2C(=O)O1)O)O)OC	BGC0002253_MIBiGv3.1_semivioxanthin
COC1=CC2=CC3=C(C(=O)O[C@H](C)C3)C(O)=C2C2=C1[C@H]1[C@@]3(O2)C(=[N+]([O-])C2=C3C=CC3=C2C=CC(C)(C)O3)C(C)(C)[C@@H]2C[C@]34CCCN3C(=O)[C@@]21NC4=O	BGC0002253_MIBiGv3.1_waikikiamide A
COC1=CC2=CC3=C(C(=O)O[C@H](C)C3)C(O)=C2C2=C1[C@H]1[C@@]3(O2)C(=NC2=C3C=CC3=C2C=CC(C)(C)O3)C(C)(C)[C@@H]2C[C@]34CCCN3C(=O)[C@@]21NC4=O	BGC0002253_MIBiGv3.1_waikikiamide B
CO[C@H]1C2=C(N(O)C3=C2C=CC2=C3[C@@H](OC)[C@H](ON3C(=O)[C@@]4(C[C@@]56NC(=O)[C@]7(CCCN7C5=O)C[C@H]6C4(C)C)C4=C3C3=C(C=C4)OC(C)(C)C=C3)C(C)(C)O2)C(C)(C)[C@@H]2C[C@]34CCCN3C(=O)[C@]12NC4=O	BGC0002253_MIBiGv3.1_waikikiamide C
C[C@@H]1CC2=CC3=CC(=CC(=C3C(=C2C(=O)O1)O)O)OC	BGC0002254_MIBiGv3.1_(+)-semivioxanthin
CC1(C=CC2=C(O1)C=CC3=C2N(C(=O)[C@@]34C[C@]56[C@H](C4(C)C)C[C@@]7(CCCN7C5=O)C(=O)N6)O)C	BGC0002254_MIBiGv3.1_notoamide A
CC1(C=CC2=C(O1)C=CC3=C2NC4=C3[C@@H]([C@]56[C@H](C4(C)C)C[C@@]7(CCCN7C5=O)C(=O)N6)OC)C	BGC0002254_MIBiGv3.1_notoamide F
COC1=CC2=CC3=C(C(=O)O[C@H](C)C3)C(O)=C2C2=C1[C@H]1[C@@]3(O2)C(=[N+]([O-])C2=C3C=CC3=C2C=CC(C)(C)O3)C(C)(C)[C@@H]2C[C@]34CCCN3C(=O)[C@@]21NC4=O	BGC0002254_MIBiGv3.1_waikikiamide A
COC1=CC2=CC3=C(C(=O)O[C@H](C)C3)C(O)=C2C2=C1[C@H]1[C@@]3(O2)C(=NC2=C3C=CC3=C2C=CC(C)(C)O3)C(C)(C)[C@@H]2C[C@]34CCCN3C(=O)[C@@]21NC4=O	BGC0002254_MIBiGv3.1_waikikiamide B
CO[C@H]1C2=C(N(O)C3=C2C=CC2=C3[C@@H](OC)[C@H](ON3C(=O)[C@@]4(C[C@@]56NC(=O)[C@]7(CCCN7C5=O)C[C@H]6C4(C)C)C4=C3C3=C(C=C4)OC(C)(C)C=C3)C(C)(C)O2)C(C)(C)[C@@H]2C[C@]34CCCN3C(=O)[C@]12NC4=O	BGC0002254_MIBiGv3.1_waikikiamide C
CC[C@H](C)C(=O)C[C@]1(C)C(=O)C=C2C=C([C@H]3C(=O)C=CC[C@@H]3C)OC=C2C1=O	BGC0002255_MIBiGv3.1_lijiquinone
OC1=CC(N)=C(C(CC(N)CC(O)=O)=O)C=C1	BGC0002256_MIBiGv3.1_4-hydroxykynurenine
CC1(C)C=CC2=C(C=CC(C(CC(N)CO)=O)=C2N)O1	BGC0002256_MIBiGv3.1_desacetylfusarochromene
CC1(CC(=O)C2=C(O1)C=CC(=C2N)C(=O)CC(CO)N)C	BGC0002256_MIBiGv3.1_fusarochromanone
CC(=O)N[C@@H](CO)CC(=O)C1=C(N)C2=C(C=C1)OC(C)(C)C=C2	BGC0002256_MIBiGv3.1_fusarochromene
COC1=CC2=C(C(OC)=C1)C(O)=C(C(C)=O)C(C)=C2C1=C(C)C(C(C)=O)=C(O)C2=C1C=C(OC)C=C2OC	BGC0002257_MIBiGv3.1_rufoschweinitzin
C/C=C(\C)/[C@H]([C@@]1([C@H]2C(=CC(=C[C@]2([C@H]1/C(=C/[C@@]3([C@@H]4[C@H](C(=O)[C@]3(C(=O)O4)C)C)C)/C)C)C)C)C)O	BGC0002258_MIBiGv3.1_shimalactone A
C/C=C(\C)[C@@H](O)[C@@]1(C)[C@@H]2C(C)=CC(C)=C[C@]2(C)[C@@H]1/C(C)=C/[C@]1(C)[C@H]2OC(=O)[C@]1(C)C(=O)[C@@H]2C	BGC0002258_MIBiGv3.1_shimalactone B
CCCC[C@H](C)[C@@H]1CC(=O)N[C@H](C(=O)N[C@H](C(=O)N[C@@H](C(=O)O1)CC(C)C)C)CC2=CC=CC=C2	BGC0002259_MIBiGv3.1_beauveriolide I
CCCC[C@H](C)[C@@H]1CC(=O)N[C@H](C(=O)N[C@H](C(=O)N[C@@H](C(=O)O1)[C@H](C)CC)C)CC2=CC=CC=C2	BGC0002259_MIBiGv3.1_beauveriolide III
CC1CCC\2C1CC(C/C2=C(/C)\CO[C@@H]3[C@@H]([C@H]([C@@H]([C@H](O3)CO)O)O)NC(=O)C)(C)C	BGC0002260_MIBiGv3.1_brasilane A
CC(=O)N[C@H]1[C@@H](OC/C(CO)=C2\CC(C)(C)C[C@H]3[C@@H](C)CC[C@H]23)O[C@H](CO)[C@@H](O)[C@@H]1O	BGC0002260_MIBiGv3.1_brasilane D
CC(=O)N[C@H]1[C@@H](OC[C@@]2(C=O)O[C@@]23CC(C)(C)C[C@H]2[C@@H](C)CC[C@@H]23)O[C@H](CO)[C@@H](O)[C@@H]1O	BGC0002260_MIBiGv3.1_brasilane E
CC(CO)=C1CC(C)(C)C[C@@H]2[C@@H]1C[C@@H](O)[C@@H]2C	BGC0002260_MIBiGv3.1_brasilane F
C/C(CO)=C1/CC(C)(C)C[C@H]2[C@@H](C)CC[C@H]12	BGC0002260_MIBiGv3.1_trichobrasilenol
CC(C(=O)O)=C1CC(C)(C)C[C@@H]2[C@@H]1C[C@@H](O)[C@@H]2C	BGC0002260_MIBiGv3.1_xylarenic acid B
C/C=C(\C=C(/C)\C=C\C=C\C=C(/C)\C(=O)[C@@H]1[C@@H]2[C@@](CCO2)(NC1=O)O)/C(=O)OC	BGC0002261_MIBiGv3.1_lucilactaene
CCCCCC[C@@H]1C[C@@H](C(=O)O1)C(=C)C(=O)O	BGC0002262_MIBiGv3.1_deoxysporothric acid
C[C@@H]1[C@H](C(O)=O)[C@]([H])([C@H](O)CCCCCC)OC1=O	BGC0002262_MIBiGv3.1_dihydroisosporothric acid
CCCCCC[C@@H]1[C@H]2[C@H]([C@H](C(=O)O2)C)C(=O)O1	BGC0002262_MIBiGv3.1_dihydrosporothriolide
CC1=C(C(O)=O)[C@]([H])([C@H](O)CCCCCC)OC1=O	BGC0002262_MIBiGv3.1_isosporothric acid
O=C1O[C@@]([C@@H]2[C@]13[C@H](CC[C@H]4[C@@H](O)C[C@@H](C)O4)C=CCC3)([H])[C@@H](CCCCCC)OC2=O	BGC0002262_MIBiGv3.1_sporochartine B
C=C(C(O)=O)[C@H]1[C@H]([C@H](OC1=O)CCCCCC)O	BGC0002262_MIBiGv3.1_sporothric acid
CCCCCC[C@@H]1[C@H]2[C@H](C(=C)C(=O)O2)C(=O)O1	BGC0002262_MIBiGv3.1_sporothriolide
COC1=CC(C[C@H]2CN[C@@H](CC3=CC=CC=C3)CN2C(=O)/C=C/C2=CC=CC=C2)=CC(OC)=C1O	BGC0002264_MIBiGv3.1_hancockiamide A
COC1=CC(C[C@H]2CN(C(C)=O)[C@@H](CC3=CC=CC=C3)CN2C(=O)/C=C/C2=CC=CC=C2)=CC(OC)=C1O	BGC0002264_MIBiGv3.1_hancockiamide B
COC1=CC(C[C@H]2CN(C(C)=O)[C@@H](CC3=CC=CC=C3)CN2C(=O)/C=C/C2=CC=CC=C2)=CC2=C1OCO2	BGC0002264_MIBiGv3.1_hancockiamide C
COC1=CC(C[C@H]2CN[C@@H](CC3=CC=CC=C3)CN2)=CC(OC)=C1O	BGC0002264_MIBiGv3.1_hancockiamide D
COC1=CC(C[C@H]2CN[C@@H](CC3=CC4=C(OCO4)C(OC)=C3)CN2C(=O)/C=C/C2=CC=CC=C2)=CC(OC)=C1O	BGC0002264_MIBiGv3.1_hancockiamide E
COC1=CC(CC(=O)CN(C(C)=O)[C@H](CNC(=O)/C=C/C2=CC=CC=C2)CC2=CC=CC=C2)=CC2=C1OCO2	BGC0002264_MIBiGv3.1_hancockiamide F
CC1(C)CCC[C@@]2(C)[C@H]1[C@H](OC(=O)/C=C/C=C/CO)C=C1COC(=O)[C@@]12O	BGC0002266_MIBiGv3.1_calidoustene A
CC1(C)CCC[C@@]2(C)[C@H]1[C@H](OC(=O)/C=C/C=C/C=C/C=O)C=C1COC(=O)[C@@]12O	BGC0002266_MIBiGv3.1_calidoustene B
C/C=C/C=C/C=C/C(=O)O[C@@H]1C=C2C(=O)O[C@@H](O)[C@]2(O)[C@@]2(C)CCCC(C)(C)[C@H]12	BGC0002266_MIBiGv3.1_calidoustene C
C[C@H]1[C@@H]2C3=C(C(=CNC3=O)C4=CC=CC=C4)O[C@@]2(C=C1C)C	BGC0002268_MIBiGv3.1_citridone A
CC([C@]1([C@H]2[C@@]([C@H](O1)O)(C3=C(O2)NC=C(C3=O)C4=CC=CC=C4)C)C)O	BGC0002268_MIBiGv3.1_citridone B
CC([C@]1([C@H]2[C@@]([C@@H](O1)O)(C3=C(O2)NC=C(C3=O)C4=CC=CC=C4)C)C)O	BGC0002268_MIBiGv3.1_citridone B'
C/C=C(\C)/[C@@H]1[C@](C2=C(O1)NC=C(C2=O)C3=CC=CC=C3)(C)C=O	BGC0002268_MIBiGv3.1_CJ-15,696
C/C=C/1\CO[C@@H]([C@]2([C@@H]1OC3=C2C(=O)C(=CN3)C4=CC=CC=C4)C)O	BGC0002268_MIBiGv3.1_CJ-16,173
C1C[C@H]([C@@H]2[C@@H]([C@@H](CN2C1)O)O)O	BGC0002270_MIBiGv3.1_swainsonine
CC(=CCC1=C(C2=CC=CC=C2N1)C3=C(C(=O)C(=C(C3=O)O)C4=C(NC5=CC=CC=C54)CC=C(C)C)O)C	BGC0002271_MIBiGv3.1_asterriquinone CT5
CC(=O)N1[C@@H]2[C@@](C[C@]3(N2C(=O)C4=CC=CC=C4NC3=O)O)(C5=CC=CC=C51)C(C)(C)C=C	BGC0002272_MIBiGv3.1_asterrelenin
CC(=O)N1[C@H]2[C@](C[C@@H]3N2C(=O)C4=CC=CC=C4NC3=O)(C5=CC=CC=C51)C(C)(C)C=C	BGC0002272_MIBiGv3.1_epi-aszonalenin A
COC(=O)[C@]1(CC2=CC(CC=C(C)C)=C(O)C=C2)OC(=O)C(OC)=C1C1=CC=C(O)C=C1	BGC0002273_MIBiGv3.1_butyrolactone I
CC(=CCC1=C(C=CC(=C1)/C=C\2/C(=C(C(=O)O2)C3=CC(=C(C=C3)O)CC=C(C)C)O)O)C	BGC0002274_MIBiGv3.1_aspulvinone H
CC(C)C[C@@H](C1=CC(=CC(=O)O1)OC)NC(=O)C	BGC0002275_MIBiGv3.1_campyrone B
CC(=O)N[C@@H](CC1=CC=CC=C1)C2=CC(=CC(=O)O2)OC	BGC0002275_MIBiGv3.1_pyrophen
COC1=CC(C/C(=C/NC(C)=O)N(CC(=O)CC2=CC=CC=C2)C(C)=O)=CC2=C1OCO2	BGC0002278_MIBiGv3.1_brasiliamide A
COC1=CC(CC2=CN(C(C)=O)C(CC3=CC=CC=C3)CN2C(C)=O)=CC2=C1OCO2	BGC0002278_MIBiGv3.1_brasiliamide B
CC(=O)N1C[C@@H](N(CC1CC2=CC3=C(C(=C2)OC)OCO3)C(=O)C)CC4=CC=CC=C4	BGC0002278_MIBiGv3.1_brasiliamide D
COC1=CC(C[C@H]2CN(C(C)=O)[C@@H](CC3=CC=CC=C3)CN2)=CC(OC)=C1O	BGC0002278_MIBiGv3.1_brasiliamide I
C/C(C)=C/CC1=C(O)C=CC(C(O)=O)=C1	BGC0002290_MIBiGv3.1_4-hydroxy-3-prenylbenzoic acid
CC(=CC[C@@]12[C@@H](O1)[C@@H](C=C([C@H]2O)C#CC(=C)C)O)C	BGC0002290_MIBiGv3.1_biscognienyne B
CC(C#CC1=C(C(O)=CC(C(O)=O)=C1)OC)=C	BGC0002290_MIBiGv3.1_compound 11
CC(C#CC1=C(C(OC)=CC(C(O)=O)=C1)O)=C	BGC0002290_MIBiGv3.1_compound 12
C/C(C)=C\C[C@]1(O)CC(C=C(C#CC(C)=C)[C@@H]1O)=O	BGC0002290_MIBiGv3.1_compound 15
C/C(C)=C/CC1=C(O)C(O)=CC(C(O)=O)=C1	BGC0002290_MIBiGv3.1_compound 3
CC(C#CC1=C(C(O)=CC(C(O)=O)=C1)O)=C	BGC0002290_MIBiGv3.1_compound 6
CC(C(CC1=C(O)C=CC(C(O)=O)=C1)=O)C	BGC0002290_MIBiGv3.1_compound 7
CC(C(C(O)C1=C(O)C=CC(C(O)=O)=C1)=O)C	BGC0002290_MIBiGv3.1_compound 8
CC(=C)C#CC1=C(C=CC(=C1)C(=O)O)O	BGC0002290_MIBiGv3.1_eutypinic acid
CC(C#CC1=C(O)C(C/C=C(C)/C)=CC(O)=C1)=C	BGC0002290_MIBiGv3.1_pestalodiol E
C/C(C)=C/CC1=C(O)C=CC(O)=C1	BGC0002290_MIBiGv3.1_prenylhydroquinone
CC[C@H](C)[C@H]1C(=O)C(=C(O)[C@@H]2[C@H]3CCCC[C@H]3C=C[C@H]2C(=O)O)C(=O)N1C	BGC0002304_MIBiGv3.1_varicidin A
C[C@H]1[C@@H](CC(=O)[C@]2([C@@]13C[C@]4(CCC([C@H]4[C@@H]3CC2)(C)C)C)C)O	BGC0002320_MIBiGv3.1_conidiogenone
O=C(C(CC(C)C)N1O)N(O)C(CC(C)C)C1=O	BGC0002321_MIBiGv3.1_compound 3
O=C(C(CC(C)C)N1)NC(CC(C)C)C1=O	BGC0002321_MIBiGv3.1_cyclodileucine
CC(C)CC1=C(O)[N+](O)=C(CC(C)C)C(O)=[N+]1O.[Fe].[Fe]	BGC0002321_MIBiGv3.1_pulcherrimin
CC(C)CC1=C(O)N(=O)=C(CC(C)C)C(O)=N1=O	BGC0002321_MIBiGv3.1_pulcherriminic acid
C1=CC(=CC=C1/C=C\2/C(=C(C(=O)O2)C3=CC=C(C=C3)O)O)O	BGC0002348_MIBiGv3.1_aspulvinone E
CC1=C(OC(=O)C(=C1O)C[C@@H]2C(=C)CC[C@@H]3[C@@]2(CC[C@H]4[C@]3(C[C@H](O4)C=C(C)C)C)C)C	BGC0002427_MIBiGv3.1_subglutinol A
C=C1CC[C@H]2[C@]3(C)C[C@H](C=C(C)C)O[C@H]3CC[C@]2(C)[C@@H]1CC1=C(O)C(C)=C(C)OC1=O	BGC0002427_MIBiGv3.1_subglutinol B
CC1=C(OC(=O)C(=C1O)C[C@@H]2C(=C)CC[C@@H]3[C@@]2(CC[C@H]([C@@]3(C)CCC=C(C)C)O)C)C	BGC0002429_MIBiGv3.1_higginsianin B
CC1=C2CC[C@]2(C)[C@H]2CC(C)(C)C[C@H]2[C@@H]1O	BGC0002445_MIBiGv3.1_8α-hydroxy-6-protoilludene
CC1=C(C(=C(C2=C1OC3=CC(=C(C(=O)C32C)C(=O)C)O)O)C(=O)C)O	BGC0002483_MIBiGv3.1_usnic acid
COC1=C(OC)C(O)=C([C@@H]2SS[C@@]34C[C@@]5(O)[C@@H](ON3C(=O)[C@@H]2N(C)C4=O)[C@H](O)C=C[C@H]5Cl)C=C1	BGC0002501_MIBiGv3.1_adametizine A
COC1=C(OC)C(O)=C([C@H]2SS[C@@]34C[C@]56O[C@H]5C=C[C@@H](O)[C@@H]6ON3C(=O)[C@@H]2N(C)C4=O)C=C1	BGC0002501_MIBiGv3.1_FA2097
CN1[C@@H]2[C@H](S[C@@]3(C1=O)C[C@@]4([C@@H](C=C[C@H]([C@@H]4ON3C2=O)O)O)O)C5=C(C(=C(C=C5)OC)OC)O	BGC0002501_MIBiGv3.1_outovirin A
CN1[C@@H]2[C@H](SSS[C@@]3(C1=O)C[C@@]4([C@@H](C=C[C@H]([C@@H]4ON3C2=O)O)O)O)C5=C(C(=C(C=C5)OC)OC)O	BGC0002501_MIBiGv3.1_outovirin C
COC1=C(OC)C(O)=C([C@@H]2SSS[C@@]34C[C@@]5(O)[C@@H](ON3C(=O)[C@@H]2N(C)C4=O)[C@H](O)C=C[C@H]5Cl)C=C1	BGC0002501_MIBiGv3.1_penigainamide A
COC1=C(OC)C(O)=C([C@@H]2S[C@@]34C[C@]56O[C@H]5C=C[C@@H](O)[C@@H]6ON3C(=O)[C@@H]2N(C)C4=O)C=C1	BGC0002501_MIBiGv3.1_penigainamide B
COC1=C(OC)C(O)=C([C@@H]2S[C@@]34C[C@@]5(O)[C@@H](ON3C(=O)[C@@H]2N(C)C4=O)[C@H](O)C=C[C@H]5Cl)C=C1	BGC0002501_MIBiGv3.1_penigainamide C
CN1[C@@H]2[C@H](SS[C@@]3(C1=O)C[C@@]4([C@@H](C=C[C@H]([C@@H]4ON3C2=O)O)O)O)C5=C(C(=C(C=C5)OC)OC)O	BGC0002501_MIBiGv3.1_pretrichodermamide C
CCCC[C@@H](C)[C@H]([C@H](C[C@@H](C)C[C@@H](CCCC[C@H](C[C@@H]([C@H](C)N)O)O)O)OC(=O)C[C@H](CC(=O)O)C(=O)O)OC(=O)C[C@H](CC(=O)O)C(=O)O	BGC0002502_MIBiGv3.1_fumonisin B1
CCCC[C@@H](C)[C@H]([C@H](C[C@@H](C)CCCCCC[C@H](C[C@@H]([C@H](C)N)O)O)OC(=O)C[C@@H](CC(=O)O)C(=O)O)OC(=O)C[C@@H](CC(=O)O)C(=O)O	BGC0002502_MIBiGv3.1_fumonisin B2
CCCC[C@@H](C)[C@H]([C@H](C[C@@H](C)C[C@@H](CCCCCC[C@@H]([C@@H](C)N)O)O)OC(=O)C[C@@H](CC(=O)O)C(=O)O)OC(=O)C[C@@H](CC(=O)O)C(=O)O	BGC0002502_MIBiGv3.1_fumonisin B3
C=C[C@@H]1C=C[C@@H]2[C@@H]3C[C@H](C)C[C@H](C)[C@H]3[C@H]3OC4=CC=C(C=C4)C[C@@]4(O)NC(=O)C(=C(O)[C@H]1[C@@H]23)[C@@H]4O	BGC0002505_MIBiGv3.1_xenoacremone A
COC1=C(C2=C(OC)C=C3C=C(C)C(C(C)=O)=C(O)C3=C2O)C(O)=C2C(O)=C(C(C)=O)C(C)=CC2=C1	BGC0002507_MIBiGv3.1_sporandol
C[C@H]1C=C[C@H]2CCCC[C@H]2[C@@H]1C3=CC(=C(C(=O)O3)C=O)OC	BGC0002515_MIBiGv3.1_solanapyrone A
CC(=CC(=O)O)C=C(C)CC(C)CCCCC1OC(=O)C1CO	BGC0002525_MIBiGv3.1_1233A
CC(=CC(=O)O)C=C(C)CC(C)CCCCC(O)C(CO)C(=O)O	BGC0002525_MIBiGv3.1_1233B
CC1(CC2=C(CO1)C(=C3C(=O)C=C(C(=O)C3=C2O)OC)O)O	BGC0002525_MIBiGv3.1_fusarubin
C/C=C(\C=C(/C)\C=C\C=C\C=C(/C)\C(=O)[C@@H]1[C@@H]2[C@@](CCO2)(NC1=O)O)/C(=O)OC	BGC0002525_MIBiGv3.1_lucilactaene
C/C=C(\C=C(/C)\C=C\C=C\C=C(/C)\C(=O)[C@@]12[C@@H](O1)[C@](NC2=O)(CCO)O)/C(=O)OC	BGC0002525_MIBiGv3.1_NG-391
CC1(C)C(=O)C=C[C@@]2(C)[C@H]1CC[C@@]13C[C@@]4(C)C=C5C(=O)OC[C@]51[C@]1(CO1)[C@H](C4=O)[C@@]23O	BGC0002537_MIBiGv3.1_emeridone F
C/C=C(\C)[C@@H]1C(C)=C[C@]2(C)C[C@H](C)CC[C@H]2[C@@H]1C(=O)C1=C/C(=C/C2=CC=CC=C2)NC1=O	BGC0002538_MIBiGv3.1_chaetolivacine A
C/C=C(\C)[C@@H]1C(C)=C[C@]2(C)C[C@H](C)CC[C@H]2[C@@H]1C(=O)C1=C[C@](CC2=CC=CC=C2)(OC)NC1=O	BGC0002538_MIBiGv3.1_chaetolivacine B
C/C=C(\C)[C@@H]1C(C)=C[C@]2(C)C[C@H](C)CC[C@H]2[C@@H]1C(=O)C1=C[C@@](CC2=CC=CC=C2)(OC)NC1=O	BGC0002538_MIBiGv3.1_chaetolivacine C
C[C@H]/1C/C=C\[C@H]2[C@H]3[C@](O3)([C@H]([C@@H]4C2(C(=O)/C=C\C(=O)[C@@H](/C(=C1)/C)O)C(=O)N[C@H]4CC5=CNC6=CC=CC=C65)C)C	BGC0002539_MIBiGv3.1_chaetoglobosin A
CC[C@H]1[C@H]2[C@H]([C@@H](C)C3=C[NH]C4=CC=CC=C34)NC(=O)[C@]23C(=O)/C=C/C(=O)[C@H](O)/C(C)=C\[C@@H](C)C/C=C/[C@H]3[C@@H]2O[C@@]21C	BGC0002539_MIBiGv3.1_chaetoglobosin K
C/C1=C/[C@@H](C)C/C=C/[C@H]2[C@@H]3O[C@]3(C)[C@@H](C)[C@H]3[C@H]([C@@H](C)C4=C[NH]C5=CC=CC=C45)NC(=O)[C@@]23C(=O)/C=C/C(=O)[C@@H]1O	BGC0002539_MIBiGv3.1_chaetoglobosin P
CCCCCCCCCCCCCC(=O)N[C@H]1C[C@@H](O)[C@@H](O)NC(=O)[C@@H]2[C@@H](O)[C@@H](C)CN2C(=O)[C@H]([C@H](O)CC(N)=O)NC(=O)[C@H]([C@H](O)[C@@H](O)C2=CC=C(O)C=C2)NC(=O)[C@@H]2C[C@@H](O)CN2C(=O)[C@H]([C@@H](C)O)NC1=O	BGC0002543_MIBiGv3.1_acrophiarin
CC1=C(C)[C@@H](O)[C@@H]2/C=C/C[C@H](C)/C=C(\C)[C@H](O)[C@H](O)CC[C@H](O)[C@]23C(=O)N[C@@H](CC2=C[NH]C4=CC=CC=C24)C13	BGC0002546_MIBiGv3.1_cytoglobosin X
CC[C@@](C)(NC(=O)[C@H](CC(C)C)NC(=O)CNC(=O)[C@@](C)(CC)NC(=O)C(C)(C)NC(=O)C(C)(C)NC(=O)C(C)(C)NC(=O)[C@@H](NC(C)=O)C(C)C)C(=O)NC(C)(C)C(=O)N1C[C@H](O)C[C@H]1C(=O)NC(CCC(N)=O)C(=O)N[C@](C)(CC)C(=O)N1C[C@H](O)C[C@H]1C(=O)NC(C)(C)C(=O)N[C@H](CO)CC1=CC=CC=C1	BGC0002555_MIBiGv3.1_emerimicin IX
CC[C@@](C)(NC(=O)[C@H](CC(C)C)NC(=O)CNC(=O)[C@@](C)(CC)NC(=O)C(C)(C)NC(=O)C(C)(C)NC(=O)C(C)(C)NC(=O)[C@H](CC1=CC=CC=C1)NC(C)=O)C(=O)NC(C)(C)C(=O)N1C[C@H](O)C[C@H]1C(=O)NC(CCC(N)=O)C(=O)N[C@](C)(CC)C(=O)N1C[C@H](O)C[C@H]1C(=O)NC(C)(C)C(=O)N[C@H](CO)CC1=CC=CC=C1	BGC0002555_MIBiGv3.1_emerimicin V
CC[C@@](C)(NC(=O)[C@H](CC(C)C)NC(=O)CNC(=O)C(C)(C)NC(=O)C(C)(C)NC(=O)C(C)(C)NC(=O)C(C)(C)NC(=O)[C@H](CC1=CC=CC=C1)NC(C)=O)C(=O)NC(C)(C)C(=O)N1C[C@H](O)C[C@H]1C(=O)NC(CCC(N)=O)C(=O)N[C@](C)(CC)C(=O)N1C[C@H](O)C[C@H]1C(=O)NC(C)(C)C(=O)N[C@H](CO)CC1=CC=CC=C1	BGC0002555_MIBiGv3.1_emerimicin VI
CC[C@@](C)(NC(=O)[C@H](CC(C)C)NC(=O)CNC(=O)[C@@](C)(CC)NC(=O)C(C)(C)NC(=O)C(C)(C)NC(=O)C(C)(C)NC(=O)[C@H](CC(C)C)NC(C)=O)C(=O)NC(C)(C)C(=O)N1C[C@H](O)C[C@H]1C(=O)NC(CCC(N)=O)C(=O)N[C@](C)(CC)C(=O)N1C[C@H](O)C[C@H]1C(=O)NC(C)(C)C(=O)N[C@H](CO)CC1=CC=CC=C1	BGC0002555_MIBiGv3.1_emerimicin VII
CC[C@@](C)(NC(=O)[C@H](CC(C)C)NC(=O)CNC(=O)C(C)(C)NC(=O)C(C)(C)NC(=O)C(C)(C)NC(=O)C(C)(C)NC(=O)[C@H](CC(C)C)NC(C)=O)C(=O)NC(C)(C)C(=O)N1C[C@H](O)C[C@H]1C(=O)NC(CCC(N)=O)C(=O)N[C@](C)(CC)C(=O)N1C[C@H](O)C[C@H]1C(=O)NC(C)(C)C(=O)N[C@H](CO)CC1=CC=CC=C1	BGC0002555_MIBiGv3.1_emerimicin VIII
CC[C@@](C)(NC(=O)[C@H](CC(C)C)NC(=O)CNC(=O)C(C)(C)NC(=O)C(C)(C)NC(=O)C(C)(C)NC(=O)C(C)(C)NC(=O)[C@@H](NC(C)=O)C(C)C)C(=O)NC(C)(C)C(=O)N1C[C@H](O)C[C@H]1C(=O)NC(CCC(N)=O)C(=O)N[C@](C)(CC)C(=O)N1C[C@H](O)C[C@H]1C(=O)NC(C)(C)C(=O)N[C@H](CO)CC1=CC=CC=C1	BGC0002555_MIBiGv3.1_emerimicin X
C[C@@]12CC(=O)O[C@@H]3[C@@]14[C@@H](CC[C@H]4C(C2)(C)C)C(=O)O3	BGC0002557_MIBiGv3.1_penifulvin A
CC1=C(C2=C(C(=C1Cl)O)C(=O)C3(O2)C(=CC(=O)C=C3OC)C(=O)OC)Cl	BGC0002592_MIBiGv3.1_geodin
CC1=CC(O)=CC(O)=C1	BGC0002594_MIBiGv3.1_orcinol
CC1=CC(=CC(=C1C(=O)O)O)O	BGC0002594_MIBiGv3.1_orsellinic acid
CC1=CC(=CC(=C1C(=O)OC2=CC(=C(C(=C2)C)C(=O)O)O)O)O	BGC0002596_MIBiGv3.1_lecanoric acid
CC1=CC(=CC(=C1C(=O)O)O)O	BGC0002596_MIBiGv3.1_orsellinic acid
C[C@@H]1CC2=C(C=C(C(=C2C(=O)O1)O)C(=O)N[C@@H](CC3=CC=CC=C3)C(=O)O)Cl	BGC0002598_MIBiGv3.1_ochratoxin A
CCC(C)C1=CN=C(CC(C)C)C(=O)N1O	BGC0002602_MIBiGv3.1_aspergillic acid
CC1=CC(=O)C2=C(O[C@@]3(C)CC[C@H]4[C@@](C)(CC[C@H]5C(C)(C)[C@@H](O)CC[C@@]54C)[C@@H]3C2)O1	BGC0002603_MIBiGv3.1_chevalone E
CC1=CC(=C(C(=O)O1)C/C=C(\C)/CC/C=C(\C)/CC[C@@H]2C(=C)CC[C@@H](C2(C)C)OC(=O)C)O	BGC0002604_MIBiGv3.1_sartorypyrone A
C[C@@H]1CC2=C(C=C(C(=C2C(=O)O1)O)C(=O)N[C@@H](CC3=CC=CC=C3)C(=O)O)Cl	BGC0002605_MIBiGv3.1_ochratoxin A
C[C@@H]1CC2=C(C=C(C(=C2C(=O)O1)O)C(=O)N[C@@H](CC3=CC=CC=C3)C(=O)O)Cl	BGC0002606_MIBiGv3.1_ochratoxin A
C[C@@H]1CC2=C(C=C(C(=C2C(=O)O1)O)C(=O)N[C@@H](CC3=CC=CC=C3)C(=O)O)Cl	BGC0002607_MIBiGv3.1_ochratoxin A
C[C@@H]1CC2=C(C=C(C(=C2C(=O)O1)O)C(=O)N[C@@H](CC3=CC=CC=C3)C(=O)O)Cl	BGC0002608_MIBiGv3.1_ochratoxin A
C[C@@H]1CC2=C(C=C(C(=C2C(=O)O1)O)C(=O)N[C@@H](CC3=CC=CC=C3)C(=O)O)Cl	BGC0002609_MIBiGv3.1_ochratoxin A
C=C(C)[C@H]1CC[C@]2(C)[C@@H]1CC[C@]1(C)C/C=C(\C(=O)O)CC/C=C(\C)CC[C@H]12	BGC0002610_MIBiGv3.1_stellatic acid
CC[C@H](C)CCCCCCCCCCC(=O)N[C@H]1C[C@@H]([C@@H](NC(=O)[C@H]2[C@@H]([C@@H](CN2C(=O)[C@H](NC(=O)[C@@H](NC(=O)[C@@H]3C[C@@H](CN3C(=O)[C@H](NC1=O)[C@H](C)O)O)[C@H]([C@H](C4=CC=C(C=C4)O)O)O)CO)C)O)O)O	BGC0002611_MIBiGv3.1_mulundocandin
C=C1C2C(=O)[C@]3(C)C[C@@H]4C(=O)OC[C@]14[C@@]1(CC[C@H]4C(C)(C)OC(=O)C=C[C@]4(C)[C@H]21)C3	BGC0002612_MIBiGv3.1_anditomin
CC1=C(C(=O)C(=C(O1)OC)C[C@H]2C(=C)CC[C@H]3[C@]2(CC[C@@H]([C@]3(C)CCC(C)(C)O)O)C)C(=O)OC	BGC0002614_MIBiGv3.1_colletotrichin
CC[C@H](C)[C@H](C(=O)O[C@H]1CC[C@]2([C@H]([C@]1(C)CCC=C(C)C)CCC(=C)[C@H]2CC3=C(C(=C(OC3=O)C)C)O)C)O	BGC0002614_MIBiGv3.1_metarhizin A
CC1=C(OC(=O)C(=C1O)C[C@@H]2C(=C)CC[C@@H]3[C@@]2(CC[C@@H]([C@@]3(C)CCC=C(C)C)OC(=O)C)C)C	BGC0002614_MIBiGv3.1_sesquicillin A
CC1=C(OC(=O)C(=C1O)C[C@@H]2C(=C)CC[C@@H]3[C@@]2(CC[C@H]4[C@]3(C[C@H](O4)C=C(C)C)C)C)C	BGC0002614_MIBiGv3.1_subglutinol A
C[C@]12CCCC([C@@H]1CCC(=C)[C@@H]2C[C@]34[C@H](O3)C(=O)C(=CC4=O)CO)(C)C	BGC0002615_MIBiGv3.1_4-oxomacrophorin A
C=C1CC[C@H]2C(C)(C)C(=O)CC[C@]2(C)[C@H]1C[C@]12O[C@H]1[C@H](O)C(CO)=CC2=O	BGC0002615_MIBiGv3.1_5'-epimacrophorin B
C[C@]12CCCC([C@@H]1CCC(=C)[C@@H]2C[C@]34[C@H](O3)[C@@H](C(=CC4=O)CO)O)(C)C	BGC0002615_MIBiGv3.1_macrophorin A
CC1=C(C(=C(C2=C1COC2=O)O)C/C=C(\C)/CCC(=O)O)OC	BGC0002616_MIBiGv3.1_mycophenolic acid
C1C[C@H]2C(=O)NC3=CC=CC=C3C(=O)N4C=C(C[C@@H](C(=O)N2C1)[N+](=O)[O-])C5=CC=CC=C54	BGC0002617_MIBiGv3.1_psychrophilin A
CC(C)[C@H]1C(=O)NC2=CC=CC=C2C(=O)N3C=C(C[C@@H](C(=O)N1)[N+](=O)[O-])C4=CC=CC=C43	BGC0002617_MIBiGv3.1_psychrophilin B
C[C@H]1C(=O)NC2=CC=CC=C2C(=O)N3C=C(C[C@@H](C(=O)N1)[N+](=O)[O-])C4=CC=CC=C43	BGC0002617_MIBiGv3.1_psychrophilin C
CC(C)C[C@H]1C(=O)NC2=CC=CC=C2C(=O)N3C=C(C[C@@H](C(=O)N1)[N+](=O)[O-])C4=CC=CC=C43	BGC0002617_MIBiGv3.1_psychrophilin D
CC(=O)N[C@@H]1CC2=CN(C3=CC=CC=C23)C(=O)C4=CC=CC=C4NC(=O)[C@@H]5CCCN5C1=O	BGC0002617_MIBiGv3.1_psychrophilin E
CC(=O)N(C)[C@H]1CC2=CN(C3=CC=CC=C23)C(=O)C4=CC=CC=C4NC(=O)[C@@H]5CCCN5C1=O	BGC0002617_MIBiGv3.1_psychrophilin F
CC(=O)N(C)[C@H]1[C@@H](C2=CN(C3=CC=CC=C32)C(=O)C4=CC=CC=C4NC(=O)[C@@H]5CCCN5C1=O)O	BGC0002617_MIBiGv3.1_psychrophilin G
CC(=O)N(C)[C@H]1[C@@H](C2=CN(C3=C2C(=CC=C3)O)C(=O)C4=CC=CC=C4NC(=O)[C@@H]5CCCN5C1=O)O	BGC0002617_MIBiGv3.1_psychrophilin H
CC(C)[C@H]1C(=O)NC2=CC=CC=C2C(=O)N3C=C(C[C@@H](C(=O)N1)N)C4=CC=CC=C43	BGC0002617_MIBiGv3.1_psychrophilin I
C[C@]12CC[C@]34C(=CC(=O)[C@H](O3)C(O4)(C)C)[C@@]1(CC[C@@H]5[C@@]2(C6=C(C5)C7=CC8=C(C=C7N6)C9=CC(OC(C9C8)(C)C)(C)C)C)O	BGC0002618_MIBiGv3.1_penitremane
CC1=C(C(=C(C2=C1COC2=O)O)C/C=C(\C)/CCC(=O)O)OC	BGC0002619_MIBiGv3.1_mycophenolic acid
C[C@@H]1CC[C@@H]2[C@@H]1C[C@@]3([C@@H]4C[C@]2([C@]3(C(=C4)C(C)C)C(=O)O)C(=O)O)CO	BGC0002651_MIBiGv3.1_sordaricin B
CC1=CC(=O)C2=C(O1)C=C3C(=C2O)C(=O)C(=C(C3=O)OC)C4=C(C(=O)C5=CC6=C(C(=O)C=C(O6)C)C(=C5C4=O)O)OC	BGC0002709_MIBiGv3.1_aurofusarin
CC1(C)CC[C@@H](O)[C@@]2(C)[C@H]1[C@H](O)C=C1COC(=O)[C@@]12O	BGC0002731_MIBiGv3.1_nanangenine A
COC1=C(C)C(=O)OC([C@]2(C)O[C@H]2/C(C)=C/C(C)=C/[C@]2(C)O[C@H](C)[C@@]3(C)O[C@@H]23)=C1C	BGC0002745_MIBiGv3.1_verrucosidin
CC[C@H](C)[C@@H]1NC(=O)[C@@H](C(C)C)N(C)C(=O)[C@H](CC2=C[NH]C3=CC=CC=C23)NC(=O)CN(C)C(=O)[C@H]([C@@H](C)CC)N(C)C(=O)[C@@H](C(C)C)NC(=O)CNC(=O)[C@@H](C(C)C)N(C)C(=O)[C@H]([C@@H](C)CC)N(C)C(=O)CN(C)C(=O)[C@H]([C@@H](C)O)N(C)C(=O)[C@@H](C(C)C)N(C)C1=O	BGC0002746_MIBiGv3.1_dendrothelin A
CC[C@H](C)[C@@H]1NC(=O)[C@@H]([C@@H](C)CC)N(C)C(=O)[C@H](CC2=C[NH]C3=CC=CC=C23)NC(=O)CN(C)C(=O)[C@H](C(C)C)N(C)C(=O)[C@@H](C(C)C)NC(=O)CNC(=O)[C@@H](C(C)C)N(C)C(=O)[C@H](C(C)C)N(C)C(=O)CN(C)C(=O)[C@H](C(C)C)N(C)C(=O)[C@@H](C(C)C)N(C)C1=O	BGC0002747_MIBiGv3.1_lentinulin A
